"shop";"date";"qty";"sales";"week";"month"
"Вокзальная пл 3";2017-04-11;22;3067;"17.15";"17.04"
"Вокзальная пл 3";2017-04-12;46;6564;"17.15";"17.04"
"Вокзальная пл 3";2017-04-13;42;4379;"17.15";"17.04"
"Вокзальная пл 3";2017-04-14;40;4761;"17.15";"17.04"
"Вокзальная пл 3";2017-04-15;11;1259;"17.15";"17.04"
"Вокзальная пл 3";2017-04-16;33;3594;"17.15";"17.04"
"Вокзальная пл 3";2017-04-17;28;3578;"17.16";"17.04"
"Вокзальная пл 3";2017-04-18;37;4720;"17.16";"17.04"
"Вокзальная пл 3";2017-04-19;22;2972;"17.16";"17.04"
"Вокзальная пл 3";2017-04-20;28;3826;"17.16";"17.04"
"Вокзальная пл 3";2017-04-21;25;3157;"17.16";"17.04"
"Вокзальная пл 3";2017-04-22;29;4223;"17.16";"17.04"
"Вокзальная пл 3";2017-04-23;32;4490;"17.16";"17.04"
"Вокзальная пл 3";2017-04-24;20;2482;"17.17";"17.04"
"Вокзальная пл 3";2017-04-25;25;3242;"17.17";"17.04"
"Вокзальная пл 3";2017-04-26;27;3633;"17.17";"17.04"
"Вокзальная пл 3";2017-04-27;31;4237;"17.17";"17.04"
"Вокзальная пл 3";2017-04-28;31;3272;"17.17";"17.04"
"Вокзальная пл 3";2017-04-29;39;5356;"17.17";"17.04"
"Вокзальная пл 3";2017-04-30;32;3529;"17.17";"17.04"
"Вокзальная пл 3";2017-05-01;32;4396;"17.18";"17.05"
"Вокзальная пл 3";2017-05-02;32;3545;"17.18";"17.05"
"Вокзальная пл 3";2017-05-03;35;4523;"17.18";"17.05"
"Вокзальная пл 3";2017-05-04;23;2776;"17.18";"17.05"
"Вокзальная пл 3";2017-05-05;37;5103;"17.18";"17.05"
"Вокзальная пл 3";2017-05-06;34;4477;"17.18";"17.05"
"Вокзальная пл 3";2017-05-07;24;2965;"17.18";"17.05"
"Вокзальная пл 3";2017-05-08;30;3713;"17.19";"17.05"
"Вокзальная пл 3";2017-05-09;47;6600;"17.19";"17.05"
"Вокзальная пл 3";2017-05-10;34;4559;"17.19";"17.05"
"Вокзальная пл 3";2017-05-11;43;5718;"17.19";"17.05"
"Вокзальная пл 3";2017-05-12;25;3211;"17.19";"17.05"
"Вокзальная пл 3";2017-05-13;27;3799;"17.19";"17.05"
"Вокзальная пл 3";2017-05-14;35;6084.5;"17.19";"17.05"
"Вокзальная пл 3";2017-05-15;29;3914;"17.20";"17.05"
"Вокзальная пл 3";2017-05-16;29;4053;"17.20";"17.05"
"Вокзальная пл 3";2017-05-17;25;3085;"17.20";"17.05"
"Вокзальная пл 3";2017-05-18;43;5639;"17.20";"17.05"
"Вокзальная пл 3";2017-05-19;38;5365;"17.20";"17.05"
"Вокзальная пл 3";2017-05-20;26;2548;"17.20";"17.05"
"Вокзальная пл 3";2017-05-21;25;3851;"17.20";"17.05"
"Вокзальная пл 3";2017-05-22;43;5111;"17.21";"17.05"
"Вокзальная пл 3";2017-05-23;57;6362;"17.21";"17.05"
"Вокзальная пл 3";2017-05-24;37;4347;"17.21";"17.05"
"Вокзальная пл 3";2017-05-25;47;6887;"17.21";"17.05"
"Вокзальная пл 3";2017-05-26;36;4409;"17.21";"17.05"
"Вокзальная пл 3";2017-05-27;50;6157;"17.21";"17.05"
"Вокзальная пл 3";2017-05-28;40;4936;"17.21";"17.05"
"Вокзальная пл 3";2017-05-29;32;4010;"17.22";"17.05"
"Вокзальная пл 3";2017-05-30;32;3868;"17.22";"17.05"
"Вокзальная пл 3";2017-05-31;43;6196;"17.22";"17.05"
"Вокзальная пл 3";2017-06-01;31;3779;"17.22";"17.06"
"Вокзальная пл 3";2017-06-02;36;4230;"17.22";"17.06"
"Вокзальная пл 3";2017-06-03;59;7836;"17.22";"17.06"
"Вокзальная пл 3";2017-06-04;28;3120;"17.22";"17.06"
"Вокзальная пл 3";2017-06-05;50;6886.25;"17.23";"17.06"
"Вокзальная пл 3";2017-06-06;33;3932;"17.23";"17.06"
"Вокзальная пл 3";2017-06-07;23;3007;"17.23";"17.06"
"Вокзальная пл 3";2017-06-08;37;4223;"17.23";"17.06"
"Вокзальная пл 3";2017-06-09;35;7120;"17.23";"17.06"
"Вокзальная пл 3";2017-06-10;28;3297;"17.23";"17.06"
"Вокзальная пл 3";2017-06-11;36;4254;"17.23";"17.06"
"Вокзальная пл 3";2017-06-12;26;3328;"17.24";"17.06"
"Вокзальная пл 3";2017-06-13;39;4884;"17.24";"17.06"
"Вокзальная пл 3";2017-06-14;30;3574;"17.24";"17.06"
"Вокзальная пл 3";2017-06-15;29;4176;"17.24";"17.06"
"Вокзальная пл 3";2017-06-16;24;2814;"17.24";"17.06"
"Вокзальная пл 3";2017-06-17;48;6907.25;"17.24";"17.06"
"Вокзальная пл 3";2017-06-18;30;3627;"17.24";"17.06"
"Вокзальная пл 3";2017-06-19;41;5038;"17.25";"17.06"
"Вокзальная пл 3";2017-06-20;30;3409;"17.25";"17.06"
"Вокзальная пл 3";2017-06-21;49;5954;"17.25";"17.06"
"Вокзальная пл 3";2017-06-22;36;4191;"17.25";"17.06"
"Вокзальная пл 3";2017-06-23;48;6442.5;"17.25";"17.06"
"Вокзальная пл 3";2017-06-24;19;2293;"17.25";"17.06"
"Вокзальная пл 3";2017-06-25;21;2520;"17.25";"17.06"
"Вокзальная пл 3";2017-06-26;33;4464;"17.26";"17.06"
"Вокзальная пл 3";2017-06-27;25;2784;"17.26";"17.06"
"Вокзальная пл 3";2017-06-28;43;6373;"17.26";"17.06"
"Вокзальная пл 3";2017-06-29;30;4715;"17.26";"17.06"
"Вокзальная пл 3";2017-06-30;27;4075;"17.26";"17.06"
"Вокзальная пл 3";2017-07-01;34;4827.25;"17.26";"17.07"
"Вокзальная пл 3";2017-07-02;27;4071.25;"17.26";"17.07"
"Вокзальная пл 3";2017-07-03;30;4127;"17.27";"17.07"
"Вокзальная пл 3";2017-07-04;28;3467;"17.27";"17.07"
"Вокзальная пл 3";2017-07-05;32;5217;"17.27";"17.07"
"Вокзальная пл 3";2017-07-06;33;4053;"17.27";"17.07"
"Вокзальная пл 3";2017-07-07;52;7384;"17.27";"17.07"
"Вокзальная пл 3";2017-07-08;22;2999;"17.27";"17.07"
"Вокзальная пл 3";2017-07-09;30;5220.5;"17.27";"17.07"
"Вокзальная пл 3";2017-07-10;38;5769;"17.28";"17.07"
"Вокзальная пл 3";2017-07-11;18;2115;"17.28";"17.07"
"Вокзальная пл 3";2017-07-12;16;2984;"17.28";"17.07"
"Вокзальная пл 3";2017-07-13;18;2959.5;"17.28";"17.07"
"Вокзальная пл 3";2017-07-14;40;5161.6;"17.28";"17.07"
"Вокзальная пл 3";2017-07-15;29;4378.25;"17.28";"17.07"
"Вокзальная пл 3";2017-07-16;19;2328;"17.28";"17.07"
"Вокзальная пл 3";2017-07-17;27;3702;"17.29";"17.07"
"Вокзальная пл 3";2017-07-18;35;4509;"17.29";"17.07"
"Вокзальная пл 3";2017-07-19;41;5204;"17.29";"17.07"
"Вокзальная пл 3";2017-07-20;27;3446;"17.29";"17.07"
"Вокзальная пл 3";2017-07-21;35;4140;"17.29";"17.07"
"Вокзальная пл 3";2017-07-22;21;2622;"17.29";"17.07"
"Вокзальная пл 3";2017-07-23;35;4544;"17.29";"17.07"
"Вокзальная пл 3";2017-07-24;37;4701;"17.30";"17.07"
"Вокзальная пл 3";2017-07-25;48;7450;"17.30";"17.07"
"Вокзальная пл 3";2017-07-26;25;3631;"17.30";"17.07"
"Вокзальная пл 3";2017-07-27;33;4201;"17.30";"17.07"
"Вокзальная пл 3";2017-07-28;22;2918;"17.30";"17.07"
"Вокзальная пл 3";2017-07-29;61;10330;"17.30";"17.07"
"Вокзальная пл 3";2017-07-30;69;12920;"17.30";"17.07"
"Вокзальная пл 3";2017-07-31;32;4514;"17.31";"17.07"
"Вокзальная пл 3";2017-08-01;32;4005;"17.31";"17.08"
"Вокзальная пл 3";2017-08-02;37;4945;"17.31";"17.08"
"Вокзальная пл 3";2017-08-03;44;6952;"17.31";"17.08"
"Вокзальная пл 3";2017-08-04;22;2610;"17.31";"17.08"
"Вокзальная пл 3";2017-08-05;22;2788;"17.31";"17.08"
"Вокзальная пл 3";2017-08-06;13;1607;"17.31";"17.08"
"Вокзальная пл 3";2017-08-07;30;3859;"17.32";"17.08"
"Вокзальная пл 3";2017-08-08;25;3370;"17.32";"17.08"
"Вокзальная пл 3";2017-08-09;36;4451;"17.32";"17.08"
"Вокзальная пл 3";2017-08-10;32;3588;"17.32";"17.08"
"Вокзальная пл 3";2017-08-11;33;4948;"17.32";"17.08"
"Вокзальная пл 3";2017-08-12;26;3172;"17.32";"17.08"
"Вокзальная пл 3";2017-08-13;10;1281;"17.32";"17.08"
"Вокзальная пл 3";2017-08-14;29;3423;"17.33";"17.08"
"Вокзальная пл 3";2017-08-15;29;3539;"17.33";"17.08"
"Вокзальная пл 3";2017-08-16;26;2981;"17.33";"17.08"
"Вокзальная пл 3";2017-08-17;35;6342;"17.33";"17.08"
"Вокзальная пл 3";2017-08-18;20;2335;"17.33";"17.08"
"Вокзальная пл 3";2017-08-19;23;2713;"17.33";"17.08"
"Вокзальная пл 3";2017-08-20;15;2866.25;"17.33";"17.08"
"Вокзальная пл 3";2017-08-21;16;2012;"17.34";"17.08"
"Вокзальная пл 3";2017-08-22;28;3754;"17.34";"17.08"
"Вокзальная пл 3";2017-08-23;39;5548;"17.34";"17.08"
"Вокзальная пл 3";2017-08-24;36;4538;"17.34";"17.08"
"Вокзальная пл 3";2017-08-25;32;4427;"17.34";"17.08"
"Вокзальная пл 3";2017-08-26;23;4871;"17.34";"17.08"
"Вокзальная пл 3";2017-08-27;19;2191;"17.34";"17.08"
"Вокзальная пл 3";2017-08-28;17;2284;"17.35";"17.08"
"Вокзальная пл 3";2017-08-29;31;4778;"17.35";"17.08"
"Вокзальная пл 3";2017-08-30;20;2619;"17.35";"17.08"
"Вокзальная пл 3";2017-08-31;29;3693;"17.35";"17.08"
"Вокзальная пл 3";2017-09-01;21;2843;"17.35";"17.09"
"Вокзальная пл 3";2017-09-02;17;2423;"17.35";"17.09"
"Вокзальная пл 3";2017-09-03;23;2679;"17.35";"17.09"
"Вокзальная пл 3";2017-09-04;22;2945;"17.36";"17.09"
"Вокзальная пл 3";2017-09-05;41;5588;"17.36";"17.09"
"Вокзальная пл 3";2017-09-06;31;4359;"17.36";"17.09"
"Вокзальная пл 3";2017-09-07;19;2612;"17.36";"17.09"
"Вокзальная пл 3";2017-09-08;35;5172;"17.36";"17.09"
"Вокзальная пл 3";2017-09-09;23;3310;"17.36";"17.09"
"Вокзальная пл 3";2017-09-10;46;6165;"17.36";"17.09"
"Вокзальная пл 3";2017-09-11;25;4065;"17.37";"17.09"
"Вокзальная пл 3";2017-09-12;31;4777;"17.37";"17.09"
"Вокзальная пл 3";2017-09-13;28;3539;"17.37";"17.09"
"Вокзальная пл 3";2017-09-14;26;3468;"17.37";"17.09"
"Вокзальная пл 3";2017-09-15;23;3104;"17.37";"17.09"
"Вокзальная пл 3";2017-09-16;20;2823;"17.37";"17.09"
"Вокзальная пл 3";2017-09-17;20;2777;"17.37";"17.09"
"Вокзальная пл 3";2017-09-18;31;4261;"17.38";"17.09"
"Вокзальная пл 3";2017-09-19;32;3765;"17.38";"17.09"
"Вокзальная пл 3";2017-09-20;41;5408;"17.38";"17.09"
"Вокзальная пл 3";2017-09-21;25;2722;"17.38";"17.09"
"Вокзальная пл 3";2017-09-22;42;4498;"17.38";"17.09"
"Вокзальная пл 3";2017-09-23;28;2401;"17.38";"17.09"
"Вокзальная пл 3";2017-09-24;33;3492;"17.38";"17.09"
"Вокзальная пл 3";2017-09-25;18;1720;"17.39";"17.09"
"Вокзальная пл 3";2017-09-26;32;4127;"17.39";"17.09"
"Вокзальная пл 3";2017-09-27;42;5152;"17.39";"17.09"
"Вокзальная пл 3";2017-09-28;44;4461;"17.39";"17.09"
"Вокзальная пл 3";2017-09-29;34;3707;"17.39";"17.09"
"Вокзальная пл 3";2017-09-30;41;4811.25;"17.39";"17.09"
"Вокзальная пл 3";2017-10-01;29;3868;"17.39";"17.10"
"Вокзальная пл 3";2017-10-02;30;3388;"17.40";"17.10"
"Вокзальная пл 3";2017-10-03;33;5129;"17.40";"17.10"
"Вокзальная пл 3";2017-10-04;38;4390;"17.40";"17.10"
"Вокзальная пл 3";2017-10-05;29;3829;"17.40";"17.10"
"Вокзальная пл 3";2017-10-06;28;3467;"17.40";"17.10"
"Вокзальная пл 3";2017-10-07;41;5916;"17.40";"17.10"
"Вокзальная пл 3";2017-10-08;20;2853;"17.40";"17.10"
"Вокзальная пл 3";2017-10-09;23;2800;"17.41";"17.10"
"Вокзальная пл 3";2017-10-10;13;1617;"17.41";"17.10"
"Вокзальная пл 3";2017-10-11;30;3985;"17.41";"17.10"
"Вокзальная пл 3";2017-10-12;31;5302;"17.41";"17.10"
"Вокзальная пл 3";2017-10-13;44;5620;"17.41";"17.10"
"Вокзальная пл 3";2017-10-14;22;2424;"17.41";"17.10"
"Вокзальная пл 3";2017-10-15;39;4277;"17.41";"17.10"
"Вокзальная пл 3";2017-10-16;33;3637;"17.42";"17.10"
"Вокзальная пл 3";2017-10-17;30;3412;"17.42";"17.10"
"Вокзальная пл 3";2017-10-18;40;4566;"17.42";"17.10"
"Вокзальная пл 3";2017-10-19;26;3484;"17.42";"17.10"
"Вокзальная пл 3";2017-10-20;32;3951;"17.42";"17.10"
"Вокзальная пл 3";2017-10-21;34;5304.25;"17.42";"17.10"
"Вокзальная пл 3";2017-10-22;34;4407;"17.42";"17.10"
"Вокзальная пл 3";2017-10-23;23;2978;"17.43";"17.10"
"Вокзальная пл 3";2017-10-24;34;4859;"17.43";"17.10"
"Вокзальная пл 3";2017-10-25;29;4010;"17.43";"17.10"
"Вокзальная пл 3";2017-10-26;37;5375;"17.43";"17.10"
"Вокзальная пл 3";2017-10-27;48;6178;"17.43";"17.10"
"Вокзальная пл 3";2017-10-28;45;6059;"17.43";"17.10"
"Вокзальная пл 3";2017-10-29;15;1933;"17.43";"17.10"
"Вокзальная пл 3";2017-10-30;30;3808;"17.44";"17.10"
"Вокзальная пл 3";2017-10-31;28;3941;"17.44";"17.10"
"Вокзальная пл 3";2017-11-01;22;2714;"17.44";"17.11"
"Вокзальная пл 3";2017-11-02;36;4876;"17.44";"17.11"
"Вокзальная пл 3";2017-11-03;55;6573;"17.44";"17.11"
"Вокзальная пл 3";2017-11-04;32;3829;"17.44";"17.11"
"Вокзальная пл 3";2017-11-05;38;6283.5;"17.44";"17.11"
"Вокзальная пл 3";2017-11-06;50;7146;"17.45";"17.11"
"Вокзальная пл 3";2017-11-07;19;2342;"17.45";"17.11"
"Вокзальная пл 3";2017-11-08;32;4157;"17.45";"17.11"
"Вокзальная пл 3";2017-11-09;25;3074;"17.45";"17.11"
"Вокзальная пл 3";2017-11-10;27;3527;"17.45";"17.11"
"Вокзальная пл 3";2017-11-11;30;3323;"17.45";"17.11"
"Вокзальная пл 3";2017-11-12;23;2412;"17.45";"17.11"
"Вокзальная пл 3";2017-11-13;24;4049;"17.46";"17.11"
"Вокзальная пл 3";2017-11-14;34;3928;"17.46";"17.11"
"Вокзальная пл 3";2017-11-15;24;3007;"17.46";"17.11"
"Вокзальная пл 3";2017-11-16;36;3505;"17.46";"17.11"
"Вокзальная пл 3";2017-11-17;28;3302;"17.46";"17.11"
"Вокзальная пл 3";2017-11-18;22;2196;"17.46";"17.11"
"Вокзальная пл 3";2017-11-19;22;3371;"17.46";"17.11"
"Вокзальная пл 3";2017-11-20;23;2959;"17.47";"17.11"
"Вокзальная пл 3";2017-11-21;35;4063;"17.47";"17.11"
"Вокзальная пл 3";2017-11-22;35;3658;"17.47";"17.11"
"Вокзальная пл 3";2017-11-23;23;3060;"17.47";"17.11"
"Вокзальная пл 3";2017-11-24;37;5093;"17.47";"17.11"
"Вокзальная пл 3";2017-11-25;48;5446;"17.47";"17.11"
"Вокзальная пл 3";2017-11-26;35;3678;"17.47";"17.11"
"Вокзальная пл 3";2017-11-27;28;2909;"17.48";"17.11"
"Вокзальная пл 3";2017-11-28;37;4337;"17.48";"17.11"
"Вокзальная пл 3";2017-11-29;18;2612;"17.48";"17.11"
"Вокзальная пл 3";2017-11-30;36;3988;"17.48";"17.11"
"Вокзальная пл 3";2017-12-01;22;2504;"17.48";"17.12"
"Вокзальная пл 3";2017-12-02;27;4131.25;"17.48";"17.12"
"Вокзальная пл 3";2017-12-03;12;1843.65;"17.48";"17.12"
"Вокзальная пл 3";2017-12-04;15;2073;"17.49";"17.12"
"Вокзальная пл 3";2017-12-05;26;3549.3;"17.49";"17.12"
"Вокзальная пл 3";2017-12-06;28;3672;"17.49";"17.12"
"Вокзальная пл 3";2017-12-07;26;3204.3;"17.49";"17.12"
"Вокзальная пл 3";2017-12-08;30;2563;"17.49";"17.12"
"Вокзальная пл 3";2017-12-09;28;3687;"17.49";"17.12"
"Вокзальная пл 3";2017-12-10;15;2332;"17.49";"17.12"
"Вокзальная пл 3";2017-12-11;21;2320.65;"17.50";"17.12"
"Вокзальная пл 3";2017-12-12;22;2886.65;"17.50";"17.12"
"Вокзальная пл 3";2017-12-13;29;3845;"17.50";"17.12"
"Вокзальная пл 3";2017-12-14;25;3082.65;"17.50";"17.12"
"Вокзальная пл 3";2017-12-15;22;2677;"17.50";"17.12"
"Вокзальная пл 3";2017-12-16;38;4727.3;"17.50";"17.12"
"Вокзальная пл 3";2017-12-17;17;3292.5;"17.50";"17.12"
"Вокзальная пл 3";2017-12-18;18;2115;"17.51";"17.12"
"Вокзальная пл 3";2017-12-19;20;2492;"17.51";"17.12"
"Вокзальная пл 3";2017-12-20;31;3689;"17.51";"17.12"
"Вокзальная пл 3";2017-12-21;27;3442.3;"17.51";"17.12"
"Вокзальная пл 3";2017-12-22;36;4770;"17.51";"17.12"
"Вокзальная пл 3";2017-12-23;42;6331;"17.51";"17.12"
"Вокзальная пл 3";2017-12-24;20;2852;"17.51";"17.12"
"Вокзальная пл 3";2017-12-25;20;2463;"17.52";"17.12"
"Вокзальная пл 3";2017-12-26;26;3355.95;"17.52";"17.12"
"Вокзальная пл 3";2017-12-27;27;3625;"17.52";"17.12"
"Вокзальная пл 3";2017-12-28;19;2508;"17.52";"17.12"
"Вокзальная пл 3";2017-12-29;46;7548;"17.52";"17.12"
"Вокзальная пл 3";2017-12-30;46;6355.95;"17.52";"17.12"
"Вокзальная пл 3";2017-12-31;14;3097;"17.52";"17.12"
"Вокзальная пл 3";2018-01-01;16;2342;"18.01";"18.01"
"Вокзальная пл 3";2018-01-02;26;4628;"18.01";"18.01"
"Вокзальная пл 3";2018-01-03;26;3731;"18.01";"18.01"
"Вокзальная пл 3";2018-01-04;24;3300;"18.01";"18.01"
"Вокзальная пл 3";2018-01-05;27;3693;"18.01";"18.01"
"Вокзальная пл 3";2018-01-06;28;4067;"18.01";"18.01"
"Вокзальная пл 3";2018-01-07;18;1943;"18.01";"18.01"
"Вокзальная пл 3";2018-01-08;24;3103;"18.02";"18.01"
"Вокзальная пл 3";2018-01-09;32;4003;"18.02";"18.01"
"Вокзальная пл 3";2018-01-10;25;2595;"18.02";"18.01"
"Вокзальная пл 3";2018-01-11;14;1648;"18.02";"18.01"
"Вокзальная пл 3";2018-01-12;22;3234;"18.02";"18.01"
"Вокзальная пл 3";2018-01-13;38;4781;"18.02";"18.01"
"Вокзальная пл 3";2018-01-14;26;3565;"18.02";"18.01"
"Вокзальная пл 3";2018-01-15;28;3237.55;"18.03";"18.01"
"Вокзальная пл 3";2018-01-16;31;3746;"18.03";"18.01"
"Вокзальная пл 3";2018-01-17;33;4264.25;"18.03";"18.01"
"Вокзальная пл 3";2018-01-18;20;2509;"18.03";"18.01"
"Вокзальная пл 3";2018-01-19;30;3577;"18.03";"18.01"
"Вокзальная пл 3";2018-01-20;26;3043.65;"18.03";"18.01"
"Вокзальная пл 3";2018-01-21;14;1974;"18.03";"18.01"
"Вокзальная пл 3";2018-01-22;25;3117;"18.04";"18.01"
"Вокзальная пл 3";2018-01-23;33;4099;"18.04";"18.01"
"Вокзальная пл 3";2018-01-24;26;2715.09;"18.04";"18.01"
"Вокзальная пл 3";2018-01-25;40;6187;"18.04";"18.01"
"Вокзальная пл 3";2018-01-26;28;3777;"18.04";"18.01"
"Вокзальная пл 3";2018-01-27;4;671;"18.04";"18.01"
"Вокзальная пл 3";2018-01-28;25;3017.65;"18.04";"18.01"
"Вокзальная пл 3";2018-01-29;23;2962;"18.05";"18.01"
"Вокзальная пл 3";2018-01-30;18;2387;"18.05";"18.01"
"Вокзальная пл 3";2018-01-31;17;2060;"18.05";"18.01"
"Вокзальная пл 3";2018-02-01;29;4643;"18.05";"18.02"
"Вокзальная пл 3";2018-02-02;20;3203;"18.05";"18.02"
"Вокзальная пл 3";2018-02-03;17;1687.65;"18.05";"18.02"
"Вокзальная пл 3";2018-02-04;16;2025;"18.05";"18.02"
"Вокзальная пл 3";2018-02-05;15;1852;"18.06";"18.02"
"Вокзальная пл 3";2018-02-06;34;3940;"18.06";"18.02"
"Вокзальная пл 3";2018-02-07;30;4462.87;"18.06";"18.02"
"Вокзальная пл 3";2018-02-08;25;2617.74;"18.06";"18.02"
"Вокзальная пл 3";2018-02-09;20;2743;"18.06";"18.02"
"Вокзальная пл 3";2018-02-10;22;2597.87;"18.06";"18.02"
"Вокзальная пл 3";2018-02-11;23;2898.87;"18.06";"18.02"
"Вокзальная пл 3";2018-02-12;15;2134;"18.07";"18.02"
"Вокзальная пл 3";2018-02-13;27;3746;"18.07";"18.02"
"Вокзальная пл 3";2018-02-14;21;2170;"18.07";"18.02"
"Вокзальная пл 3";2018-02-15;11;1303.87;"18.07";"18.02"
"Вокзальная пл 3";2018-02-16;27;3239.65;"18.07";"18.02"
"Вокзальная пл 3";2018-02-17;36;5413;"18.07";"18.02"
"Вокзальная пл 3";2018-02-18;10;2210;"18.07";"18.02"
"Вокзальная пл 3";2018-02-19;17;2510;"18.08";"18.02"
"Вокзальная пл 3";2018-02-20;21;2420;"18.08";"18.02"
"Вокзальная пл 3";2018-02-21;16;2169;"18.08";"18.02"
"Вокзальная пл 3";2018-02-22;11;1423.65;"18.08";"18.02"
"Вокзальная пл 3";2018-02-23;5;730;"18.08";"18.02"
"Вокзальная пл 3";2018-02-24;24;3809;"18.08";"18.02"
"Вокзальная пл 3";2018-02-25;24;2323;"18.08";"18.02"
"Вокзальная пл 3";2018-02-26;15;1384;"18.09";"18.02"
"Вокзальная пл 3";2018-02-27;14;1844;"18.09";"18.02"
"Вокзальная пл 3";2018-02-28;21;2723;"18.09";"18.02"
"Вокзальная пл 3";2018-03-01;12;1235;"18.09";"18.03"
"Вокзальная пл 3";2018-03-02;22;2795;"18.09";"18.03"
"Вокзальная пл 3";2018-03-03;15;1295;"18.09";"18.03"
"Вокзальная пл 3";2018-03-04;21;2898;"18.09";"18.03"
"Вокзальная пл 3";2018-03-05;14;2182;"18.10";"18.03"
"Вокзальная пл 3";2018-03-06;24;3206;"18.10";"18.03"
"Вокзальная пл 3";2018-03-07;29;3400;"18.10";"18.03"
"Вокзальная пл 3";2018-03-08;12;1484;"18.10";"18.03"
"Вокзальная пл 3";2018-03-09;30;3943;"18.10";"18.03"
"Вокзальная пл 3";2018-03-10;24;2655;"18.10";"18.03"
"Вокзальная пл 3";2018-03-11;24;3064;"18.10";"18.03"
"Вокзальная пл 3";2018-03-12;13;1736;"18.11";"18.03"
"Вокзальная пл 3";2018-03-13;21;2686;"18.11";"18.03"
"Вокзальная пл 3";2018-03-14;24;3340;"18.11";"18.03"
"Вокзальная пл 3";2018-03-15;14;1300;"18.11";"18.03"
"Вокзальная пл 3";2018-03-16;22;3074;"18.11";"18.03"
"Вокзальная пл 3";2018-03-17;50;9547;"18.11";"18.03"
"Вокзальная пл 3";2018-03-18;19;1730;"18.11";"18.03"
"Вокзальная пл 3";2018-03-19;8;980;"18.12";"18.03"
"Вокзальная пл 3";2018-03-20;11;1840;"18.12";"18.03"
"Вокзальная пл 3";2018-03-21;20;2370;"18.12";"18.03"
"Вокзальная пл 3";2018-03-22;32;3953;"18.12";"18.03"
"Вокзальная пл 3";2018-03-23;30;3810;"18.12";"18.03"
"Вокзальная пл 3";2018-03-24;21;3385;"18.12";"18.03"
"Вокзальная пл 3";2018-03-25;27;3660;"18.12";"18.03"
"Вокзальная пл 3";2018-03-26;11;1600;"18.13";"18.03"
"Вокзальная пл 3";2018-03-27;12;1746;"18.13";"18.03"
"Вокзальная пл 3";2018-03-28;24;2830;"18.13";"18.03"
"Вокзальная пл 3";2018-03-29;17;2122;"18.13";"18.03"
"Вокзальная пл 3";2018-03-30;11;1290;"18.13";"18.03"
"Вокзальная пл 3";2018-03-31;28;2998;"18.13";"18.03"
"Вокзальная пл 3";2018-04-01;27;2855;"18.13";"18.04"
"Вокзальная пл 3";2018-04-02;28;3084;"18.14";"18.04"
"Вокзальная пл 3";2018-04-03;24;2680;"18.14";"18.04"
"Вокзальная пл 3";2018-04-04;22;2220;"18.14";"18.04"
"Вокзальная пл 3";2018-04-05;16;1862;"18.14";"18.04"
"Вокзальная пл 3";2018-04-06;25;3145;"18.14";"18.04"
"Вокзальная пл 3";2018-04-07;26;3700;"18.14";"18.04"
"Вокзальная пл 3";2018-04-08;28;3810;"18.14";"18.04"
"Вокзальная пл 3";2018-04-09;18;2400;"18.15";"18.04"
"Вокзальная пл 3";2018-04-10;25;3105;"18.15";"18.04"
"Вокзальная пл 3";2018-04-11;46;5204;"18.15";"18.04"
"Вокзальная пл 3";2018-04-12;23;3620;"18.15";"18.04"
"Вокзальная пл 3";2018-04-13;31;4230;"18.15";"18.04"
"Вокзальная пл 3";2018-04-14;46;5699;"18.15";"18.04"
"Вокзальная пл 3";2018-04-15;24;3959;"18.15";"18.04"
"Вокзальная пл 3";2018-04-16;18;2105;"18.16";"18.04"
"Вокзальная пл 3";2018-04-17;35;4058;"18.16";"18.04"
"Вокзальная пл 3";2018-04-18;36;5070;"18.16";"18.04"
"Вокзальная пл 3";2018-04-19;37;4418;"18.16";"18.04"
"Вокзальная пл 3";2018-04-20;15;2650;"18.16";"18.04"
"Вокзальная пл 3";2018-04-21;36;5140;"18.16";"18.04"
"Вокзальная пл 3";2018-04-22;34;4665;"18.16";"18.04"
"Вокзальная пл 3";2018-04-23;25;2466;"18.17";"18.04"
"Вокзальная пл 3";2018-04-24;39;5165;"18.17";"18.04"
"Вокзальная пл 3";2018-04-25;26;3335;"18.17";"18.04"
"Вокзальная пл 3";2018-04-26;29;3353;"18.17";"18.04"
"Вокзальная пл 3";2018-04-27;35;4409;"18.17";"18.04"
"Вокзальная пл 3";2018-04-28;35;4495;"18.17";"18.04"
"Вокзальная пл 3";2018-04-29;33;4271;"18.17";"18.04"
"Вокзальная пл 3";2018-04-30;25;2694;"18.18";"18.04"
"Вокзальная пл 3";2018-05-01;31;3527;"18.18";"18.05"
"Вокзальная пл 3";2018-05-02;23;2711;"18.18";"18.05"
"Вокзальная пл 3";2018-05-03;25;2800;"18.18";"18.05"
"Вокзальная пл 3";2018-05-04;29;3796;"18.18";"18.05"
"Вокзальная пл 3";2018-05-05;22;2393;"18.18";"18.05"
"Вокзальная пл 3";2018-05-06;22;2610;"18.18";"18.05"
"Вокзальная пл 3";2018-05-07;32;4000;"18.19";"18.05"
"Вокзальная пл 3";2018-05-08;32;3658;"18.19";"18.05"
"Вокзальная пл 3";2018-05-09;28;3371;"18.19";"18.05"
"Вокзальная пл 3";2018-05-10;33;3602;"18.19";"18.05"
"Вокзальная пл 3";2018-05-11;41;5640;"18.19";"18.05"
"Вокзальная пл 3";2018-05-12;41;5625;"18.19";"18.05"
"Вокзальная пл 3";2018-05-13;25;3128;"18.19";"18.05"
"Вокзальная пл 3";2018-05-14;46;6282;"18.20";"18.05"
"Вокзальная пл 3";2018-05-15;38;4602;"18.20";"18.05"
"Вокзальная пл 3";2018-05-16;21;2960;"18.20";"18.05"
"Вокзальная пл 3";2018-05-17;32;3592;"18.20";"18.05"
"Вокзальная пл 3";2018-05-18;38;3961;"18.20";"18.05"
"Вокзальная пл 3";2018-05-19;43;4902;"18.20";"18.05"
"Вокзальная пл 3";2018-05-20;25;2885;"18.20";"18.05"
"Вокзальная пл 3";2018-05-21;53;6235;"18.21";"18.05"
"Вокзальная пл 3";2018-05-22;39;4666;"18.21";"18.05"
"Вокзальная пл 3";2018-05-23;38;3712;"18.21";"18.05"
"Вокзальная пл 3";2018-05-24;27;2439;"18.21";"18.05"
"Вокзальная пл 3";2018-05-25;31;2870;"18.21";"18.05"
"Вокзальная пл 3";2018-05-26;58;7485;"18.21";"18.05"
"Вокзальная пл 3";2018-05-27;15;1658;"18.21";"18.05"
"Вокзальная пл 3";2018-05-28;35;3455;"18.22";"18.05"
"Вокзальная пл 3";2018-05-29;40;4629;"18.22";"18.05"
"Вокзальная пл 3";2018-05-30;32;4809;"18.22";"18.05"
"Вокзальная пл 3";2018-05-31;21;2400;"18.22";"18.05"
"Вокзальная пл 3";2018-06-01;46;8380;"18.22";"18.06"
"Вокзальная пл 3";2018-06-02;47;4990;"18.22";"18.06"
"Вокзальная пл 3";2018-06-03;43;6235;"18.22";"18.06"
"Вокзальная пл 3";2018-06-04;24;2655;"18.23";"18.06"
"Вокзальная пл 3";2018-06-05;29;3320;"18.23";"18.06"
"Вокзальная пл 3";2018-06-06;35;4323;"18.23";"18.06"
"Вокзальная пл 3";2018-06-07;43;5089;"18.23";"18.06"
"Вокзальная пл 3";2018-06-08;34;3934;"18.23";"18.06"
"Вокзальная пл 3";2018-06-09;38;5205;"18.23";"18.06"
"Вокзальная пл 3";2018-06-10;39;5250;"18.23";"18.06"
"Вокзальная пл 3";2018-06-11;28;3460;"18.24";"18.06"
"Вокзальная пл 3";2018-06-12;17;2030;"18.24";"18.06"
"Вокзальная пл 3";2018-06-13;20;1960;"18.24";"18.06"
"Вокзальная пл 3";2018-06-14;57;6182;"18.24";"18.06"
"Вокзальная пл 3";2018-06-15;28;3300;"18.24";"18.06"
"Вокзальная пл 3";2018-06-16;21;2224;"18.24";"18.06"
"Вокзальная пл 3";2018-06-17;9;910;"18.24";"18.06"
"Вокзальная пл 3";2018-06-18;35;3930;"18.25";"18.06"
"Вокзальная пл 3";2018-06-19;25;2770;"18.25";"18.06"
"Вокзальная пл 3";2018-06-20;33;3934;"18.25";"18.06"
"Вокзальная пл 3";2018-06-21;30;3605;"18.25";"18.06"
"Вокзальная пл 3";2018-06-22;31;4064;"18.25";"18.06"
"Вокзальная пл 3";2018-06-23;23;2810;"18.25";"18.06"
"Вокзальная пл 3";2018-06-24;19;2310;"18.25";"18.06"
"Вокзальная пл 3";2018-06-25;16;1354;"18.26";"18.06"
"Вокзальная пл 3";2018-06-26;39;4020;"18.26";"18.06"
"Вокзальная пл 3";2018-06-27;29;2875;"18.26";"18.06"
"Вокзальная пл 3";2018-06-28;30;3640;"18.26";"18.06"
"Вокзальная пл 3";2018-06-29;29;3014;"18.26";"18.06"
"Вокзальная пл 3";2018-06-30;21;1930;"18.26";"18.06"
"Вокзальная пл 3";2018-07-01;17;1840;"18.26";"18.07"
"Вокзальная пл 3";2018-07-02;25;2796;"18.27";"18.07"
"Вокзальная пл 3";2018-07-03;43;4134;"18.27";"18.07"
"Вокзальная пл 3";2018-07-04;31;2935;"18.27";"18.07"
"Вокзальная пл 3";2018-07-05;36;3835;"18.27";"18.07"
"Вокзальная пл 3";2018-07-06;27;3370;"18.27";"18.07"
"Вокзальная пл 3";2018-07-07;15;1390;"18.27";"18.07"
"Вокзальная пл 3";2018-07-08;11;1371;"18.27";"18.07"
"Вокзальная пл 3";2018-07-09;39;5294;"18.28";"18.07"
"Вокзальная пл 3";2018-07-10;25;2724;"18.28";"18.07"
"Вокзальная пл 3";2018-07-11;29;3562;"18.28";"18.07"
"Вокзальная пл 3";2018-07-12;33;3426;"18.28";"18.07"
"Вокзальная пл 3";2018-07-13;34;3890;"18.28";"18.07"
"Вокзальная пл 3";2018-07-14;21;1709;"18.28";"18.07"
"Вокзальная пл 3";2018-07-15;21;2376;"18.28";"18.07"
"Вокзальная пл 3";2018-07-16;33;3634;"18.29";"18.07"
"Вокзальная пл 3";2018-07-17;34;4774;"18.29";"18.07"
"Вокзальная пл 3";2018-07-18;29;2795;"18.29";"18.07"
"Вокзальная пл 3";2018-07-19;23;2677;"18.29";"18.07"
"Вокзальная пл 3";2018-07-20;27;3269;"18.29";"18.07"
"Вокзальная пл 3";2018-07-21;21;2095;"18.29";"18.07"
"Вокзальная пл 3";2018-07-22;18;2140;"18.29";"18.07"
"Вокзальная пл 3";2018-07-23;20;2810;"18.30";"18.07"
"Вокзальная пл 3";2018-07-24;47;5821;"18.30";"18.07"
"Вокзальная пл 3";2018-07-25;40;4624;"18.30";"18.07"
"Вокзальная пл 3";2018-07-26;28;5114;"18.30";"18.07"
"Вокзальная пл 3";2018-07-27;20;2370;"18.30";"18.07"
"Вокзальная пл 3";2018-07-28;38;4684;"18.30";"18.07"
"Вокзальная пл 3";2018-07-29;16;2175;"18.30";"18.07"
"Вокзальная пл 3";2018-07-30;52;6351;"18.31";"18.07"
"Вокзальная пл 3";2018-07-31;33;3579;"18.31";"18.07"
"Вокзальная пл 3";2018-08-01;45;4738;"18.31";"18.08"
"Вокзальная пл 3";2018-08-02;27;3150;"18.31";"18.08"
"Вокзальная пл 3";2018-08-03;36;4048;"18.31";"18.08"
"Вокзальная пл 3";2018-08-04;26;3501;"18.31";"18.08"
"Вокзальная пл 3";2018-08-05;1;190;"18.31";"18.08"
"Вокзальная пл 3";2018-08-06;30;3073;"18.32";"18.08"
"Вокзальная пл 3";2018-08-07;31;3400;"18.32";"18.08"
"Вокзальная пл 3";2018-08-08;35;3880;"18.32";"18.08"
"Вокзальная пл 3";2018-08-09;30;3887;"18.32";"18.08"
"Вокзальная пл 3";2018-08-10;37;4141;"18.32";"18.08"
"Вокзальная пл 3";2018-08-11;18;1840;"18.32";"18.08"
"Вокзальная пл 3";2018-08-12;13;1531;"18.32";"18.08"
"Вокзальная пл 3";2018-08-13;22;2351;"18.33";"18.08"
"Вокзальная пл 3";2018-08-14;23;3134;"18.33";"18.08"
"Вокзальная пл 3";2018-08-15;24;2395;"18.33";"18.08"
"Вокзальная пл 3";2018-08-16;39;5156;"18.33";"18.08"
"Вокзальная пл 3";2018-08-17;54;6170;"18.33";"18.08"
"Вокзальная пл 3";2018-08-18;26;3325;"18.33";"18.08"
"Вокзальная пл 3";2018-08-19;27;3461;"18.33";"18.08"
"Вокзальная пл 3";2018-08-20;26;3401;"18.34";"18.08"
"Вокзальная пл 3";2018-08-21;38;5245;"18.34";"18.08"
"Вокзальная пл 3";2018-08-22;47;5722;"18.34";"18.08"
"Вокзальная пл 3";2018-08-23;26;2630;"18.34";"18.08"
"Вокзальная пл 3";2018-08-24;53;5854;"18.34";"18.08"
"Вокзальная пл 3";2018-08-25;55;7034;"18.34";"18.08"
"Вокзальная пл 3";2018-08-26;30;3130;"18.34";"18.08"
"Вокзальная пл 3";2018-08-27;41;4239;"18.35";"18.08"
"Вокзальная пл 3";2018-08-28;30;3759;"18.35";"18.08"
"Вокзальная пл 3";2018-08-29;33;3663;"18.35";"18.08"
"Вокзальная пл 3";2018-08-30;52;5556;"18.35";"18.08"
"Вокзальная пл 3";2018-08-31;52;5310;"18.35";"18.08"
"Вокзальная пл 3";2018-09-01;29;3105;"18.35";"18.09"
"Вокзальная пл 3";2018-09-02;20;2850;"18.35";"18.09"
"Вокзальная пл 3";2018-09-03;38;4621;"18.36";"18.09"
"Вокзальная пл 3";2018-09-04;48;5254;"18.36";"18.09"
"Вокзальная пл 3";2018-09-05;40;4300;"18.36";"18.09"
"Вокзальная пл 3";2018-09-06;32;11581;"18.36";"18.09"
"Вокзальная пл 3";2018-09-07;38;4498;"18.36";"18.09"
"Вокзальная пл 3";2018-09-08;37;4404;"18.36";"18.09"
"Вокзальная пл 3";2018-09-09;38;5187;"18.36";"18.09"
"Вокзальная пл 3";2018-09-10;37;4478;"18.37";"18.09"
"Вокзальная пл 3";2018-09-11;32;4135;"18.37";"18.09"
"Вокзальная пл 3";2018-09-12;30;4051;"18.37";"18.09"
"Вокзальная пл 3";2018-09-13;34;3684;"18.37";"18.09"
"Вокзальная пл 3";2018-09-14;40;4984;"18.37";"18.09"
"Вокзальная пл 3";2018-09-15;33;4479;"18.37";"18.09"
"Вокзальная пл 3";2018-09-16;34;3759;"18.37";"18.09"
"Вокзальная пл 3";2018-09-17;28;2900;"18.38";"18.09"
"Вокзальная пл 3";2018-09-18;46;5750;"18.38";"18.09"
"Вокзальная пл 3";2018-09-19;43;4720;"18.38";"18.09"
"Вокзальная пл 3";2018-09-20;31;3335;"18.38";"18.09"
"Вокзальная пл 3";2018-09-21;30;5250;"18.38";"18.09"
"Вокзальная пл 3";2018-09-22;35;4614;"18.38";"18.09"
"Вокзальная пл 3";2018-09-23;19;2660;"18.38";"18.09"
"Вокзальная пл 3";2018-09-24;31;3021;"18.39";"18.09"
"Вокзальная пл 3";2018-09-25;46;5120;"18.39";"18.09"
"Вокзальная пл 3";2018-09-26;38;4640;"18.39";"18.09"
"Вокзальная пл 3";2018-09-27;43;5370;"18.39";"18.09"
"Вокзальная пл 3";2018-09-28;29;3150;"18.39";"18.09"
"Вокзальная пл 3";2018-09-29;33;5005;"18.39";"18.09"
"Вокзальная пл 3";2018-09-30;38;4136;"18.39";"18.09"
"Вокзальная пл 3";2018-10-01;31;3242;"18.40";"18.10"
"Вокзальная пл 3";2018-10-02;41;5280;"18.40";"18.10"
"Вокзальная пл 3";2018-10-03;39;4223;"18.40";"18.10"
"Вокзальная пл 3";2018-10-04;45;5926;"18.40";"18.10"
"Вокзальная пл 3";2018-10-05;43;3951;"18.40";"18.10"
"Вокзальная пл 3";2018-10-06;55;7535;"18.40";"18.10"
"Вокзальная пл 3";2018-10-07;37;4701;"18.40";"18.10"
"Вокзальная пл 3";2018-10-08;44;5190;"18.41";"18.10"
"Вокзальная пл 3";2018-10-09;53;6241;"18.41";"18.10"
"Вокзальная пл 3";2018-10-10;50;8045;"18.41";"18.10"
"Вокзальная пл 3";2018-10-11;40;4471;"18.41";"18.10"
"Вокзальная пл 3";2018-10-12;45;4320;"18.41";"18.10"
"Вокзальная пл 3";2018-10-13;36;4079;"18.41";"18.10"
"Вокзальная пл 3";2018-10-14;35;4457;"18.41";"18.10"
"Вокзальная пл 3";2018-10-15;47;5008;"18.42";"18.10"
"Вокзальная пл 3";2018-10-16;41;4984;"18.42";"18.10"
"Вокзальная пл 3";2018-10-17;41;4844;"18.42";"18.10"
"Вокзальная пл 3";2018-10-18;46;5574;"18.42";"18.10"
"Вокзальная пл 3";2018-10-19;47;5364;"18.42";"18.10"
"Вокзальная пл 3";2018-10-20;30;3810;"18.42";"18.10"
"Вокзальная пл 3";2018-10-21;20;2957;"18.42";"18.10"
"Вокзальная пл 3";2018-10-22;37;4432;"18.43";"18.10"
"Вокзальная пл 3";2018-10-23;46;7389;"18.43";"18.10"
"Вокзальная пл 3";2018-10-24;43;10427;"18.43";"18.10"
"Вокзальная пл 3";2018-10-25;27;3131;"18.43";"18.10"
"Вокзальная пл 3";2018-10-26;30;3891;"18.43";"18.10"
"Вокзальная пл 3";2018-10-27;49;6699;"18.43";"18.10"
"Вокзальная пл 3";2018-10-28;33;4410;"18.43";"18.10"
"Вокзальная пл 3";2018-10-29;48;5025;"18.44";"18.10"
"Вокзальная пл 3";2018-10-30;50;5504;"18.44";"18.10"
"Вокзальная пл 3";2018-10-31;44;5694;"18.44";"18.10"
"Вокзальная пл 3";2018-11-01;54;5577;"18.44";"18.11"
"Вокзальная пл 3";2018-11-02;60;7490;"18.44";"18.11"
"Вокзальная пл 3";2018-11-03;26;3241;"18.44";"18.11"
"Вокзальная пл 3";2018-11-04;35;4912;"18.44";"18.11"
"Вокзальная пл 3";2018-11-05;39;4144;"18.45";"18.11"
"Вокзальная пл 3";2018-11-06;51;6204;"18.45";"18.11"
"Вокзальная пл 3";2018-11-07;45;5324;"18.45";"18.11"
"Вокзальная пл 3";2018-11-08;61;7184;"18.45";"18.11"
"Вокзальная пл 3";2018-11-09;49;8130;"18.45";"18.11"
"Вокзальная пл 3";2018-11-10;45;5973;"18.45";"18.11"
"Вокзальная пл 3";2018-11-11;59;9581;"18.45";"18.11"
"Вокзальная пл 3";2018-11-12;54;7037;"18.46";"18.11"
"Вокзальная пл 3";2018-11-13;46;4710;"18.46";"18.11"
"Вокзальная пл 3";2018-11-14;52;5690;"18.46";"18.11"
"Вокзальная пл 3";2018-11-15;41;5154;"18.46";"18.11"
"Вокзальная пл 3";2018-11-16;54;8374;"18.46";"18.11"
"Вокзальная пл 3";2018-11-17;58;7730;"18.46";"18.11"
"Вокзальная пл 3";2018-11-18;47;6080;"18.46";"18.11"
"Вокзальная пл 3";2018-11-19;33;4840;"18.47";"18.11"
"Вокзальная пл 3";2018-11-20;33;4664;"18.47";"18.11"
"Вокзальная пл 3";2018-11-21;62;5954;"18.47";"18.11"
"Вокзальная пл 3";2018-11-22;43;4715;"18.47";"18.11"
"Вокзальная пл 3";2018-11-23;37;4310;"18.47";"18.11"
"Вокзальная пл 3";2018-11-24;37;5060;"18.47";"18.11"
"Вокзальная пл 3";2018-11-25;57;7524;"18.47";"18.11"
"Вокзальная пл 3";2018-11-26;39;4069;"18.48";"18.11"
"Вокзальная пл 3";2018-11-27;28;3390;"18.48";"18.11"
"Вокзальная пл 3";2018-11-28;36;4511;"18.48";"18.11"
"Вокзальная пл 3";2018-11-29;34;2811;"18.48";"18.11"
"Вокзальная пл 3";2018-11-30;53;5588;"18.48";"18.11"
"Вокзальная пл 3";2018-12-01;53;6400;"18.48";"18.12"
"Вокзальная пл 3";2018-12-02;46;6300;"18.48";"18.12"
"Вокзальная пл 3";2018-12-03;29;9834;"18.49";"18.12"
"Вокзальная пл 3";2018-12-04;53;4563;"18.49";"18.12"
"Вокзальная пл 3";2018-12-05;37;3640;"18.49";"18.12"
"Вокзальная пл 3";2018-12-06;29;3551;"18.49";"18.12"
"Вокзальная пл 3";2018-12-07;49;7520;"18.49";"18.12"
"Вокзальная пл 3";2018-12-08;31;3311;"18.49";"18.12"
"Вокзальная пл 3";2018-12-09;45;6560;"18.49";"18.12"
"Вокзальная пл 3";2018-12-10;44;5400;"18.50";"18.12"
"Вокзальная пл 3";2018-12-11;53;6930;"18.50";"18.12"
"Вокзальная пл 3";2018-12-12;42;4844;"18.50";"18.12"
"Вокзальная пл 3";2018-12-13;44;5194;"18.50";"18.12"
"Вокзальная пл 3";2018-12-14;27;3418;"18.50";"18.12"
"Вокзальная пл 3";2018-12-15;38;5097;"18.50";"18.12"
"Вокзальная пл 3";2018-12-16;31;3410;"18.50";"18.12"
"Вокзальная пл 3";2018-12-17;24;2640;"18.51";"18.12"
"Вокзальная пл 3";2018-12-18;45;4823;"18.51";"18.12"
"Вокзальная пл 3";2018-12-19;26;3150;"18.51";"18.12"
"Вокзальная пл 3";2018-12-20;30;4670;"18.51";"18.12"
"Вокзальная пл 3";2018-12-21;57;7664;"18.51";"18.12"
"Вокзальная пл 3";2018-12-22;39;4394;"18.51";"18.12"
"Вокзальная пл 3";2018-12-23;34;3850;"18.51";"18.12"
"Вокзальная пл 3";2018-12-24;30;3570;"18.52";"18.12"
"Вокзальная пл 3";2018-12-25;32;4534;"18.52";"18.12"
"Вокзальная пл 3";2018-12-26;29;3608;"18.52";"18.12"
"Вокзальная пл 3";2018-12-27;43;5540;"18.52";"18.12"
"Вокзальная пл 3";2018-12-28;52;9584;"18.52";"18.12"
"Вокзальная пл 3";2018-12-29;44;5680;"18.52";"18.12"
"Вокзальная пл 3";2018-12-30;35;4711;"18.52";"18.12"
"Вокзальная пл 3";2018-12-31;36;4610;"18.53";"18.12"
"Вокзальная пл 3";2019-01-01;20;2750;"19.00";"19.01"
"Вокзальная пл 3";2019-01-02;22;2870;"19.00";"19.01"
"Вокзальная пл 3";2019-01-03;26;3460;"19.00";"19.01"
"Вокзальная пл 3";2019-01-04;24;2850;"19.00";"19.01"
"Вокзальная пл 3";2019-01-05;34;4890;"19.00";"19.01"
"Вокзальная пл 3";2019-01-06;36;4260;"19.00";"19.01"
"Вокзальная пл 3";2019-01-07;15;1710;"19.01";"19.01"
"Вокзальная пл 3";2019-01-08;26;3568;"19.01";"19.01"
"Вокзальная пл 3";2019-01-09;29;2650;"19.01";"19.01"
"Вокзальная пл 3";2019-01-10;19;8164;"19.01";"19.01"
"Вокзальная пл 3";2019-01-11;24;2760;"19.01";"19.01"
"Вокзальная пл 3";2019-01-12;19;2521;"19.01";"19.01"
"Вокзальная пл 3";2019-01-13;30;3930;"19.01";"19.01"
"Вокзальная пл 3";2019-01-14;26;2440;"19.02";"19.01"
"Вокзальная пл 3";2019-01-15;30;3554;"19.02";"19.01"
"Вокзальная пл 3";2019-01-16;43;4504;"19.02";"19.01"
"Вокзальная пл 3";2019-01-17;52;5582;"19.02";"19.01"
"Вокзальная пл 3";2019-01-18;36;4340;"19.02";"19.01"
"Вокзальная пл 3";2019-01-19;38;4658;"19.02";"19.01"
"Вокзальная пл 3";2019-01-20;29;5214;"19.02";"19.01"
"Вокзальная пл 3";2019-01-21;45;4600;"19.03";"19.01"
"Вокзальная пл 3";2019-01-22;44;5859;"19.03";"19.01"
"Вокзальная пл 3";2019-01-23;45;4795;"19.03";"19.01"
"Вокзальная пл 3";2019-01-24;33;2763;"19.03";"19.01"
"Вокзальная пл 3";2019-01-25;56;8826;"19.03";"19.01"
"Вокзальная пл 3";2019-01-26;40;4471;"19.03";"19.01"
"Вокзальная пл 3";2019-01-27;28;3074;"19.03";"19.01"
"Вокзальная пл 3";2019-01-28;29;3518;"19.04";"19.01"
"Вокзальная пл 3";2019-01-29;30;2240;"19.04";"19.01"
"Вокзальная пл 3";2019-01-30;40;4500;"19.04";"19.01"
"Вокзальная пл 3";2019-01-31;55;5864;"19.04";"19.01"
"Вокзальная пл 3";2019-02-01;63;6744;"19.04";"19.02"
"Вокзальная пл 3";2019-02-02;71;8100;"19.04";"19.02"
"Вокзальная пл 3";2019-02-03;51;5684;"19.04";"19.02"
"Вокзальная пл 3";2019-02-04;37;4754;"19.05";"19.02"
"Вокзальная пл 3";2019-02-05;39;3964;"19.05";"19.02"
"Вокзальная пл 3";2019-02-06;40;4014;"19.05";"19.02"
"Вокзальная пл 3";2019-02-07;34;9960;"19.05";"19.02"
"Вокзальная пл 3";2019-02-08;47;5937;"19.05";"19.02"
"Вокзальная пл 3";2019-02-09;38;4228;"19.05";"19.02"
"Вокзальная пл 3";2019-02-10;37;3140;"19.05";"19.02"
"Вокзальная пл 3";2019-02-11;30;3324;"19.06";"19.02"
"Вокзальная пл 3";2019-02-12;44;4491;"19.06";"19.02"
"Вокзальная пл 3";2019-02-13;42;4931;"19.06";"19.02"
"Вокзальная пл 3";2019-02-14;89;9654;"19.06";"19.02"
"Вокзальная пл 3";2019-02-15;43;5381;"19.06";"19.02"
"Вокзальная пл 3";2019-02-16;24;2880;"19.06";"19.02"
"Вокзальная пл 3";2019-02-17;53;6473;"19.06";"19.02"
"Вокзальная пл 3";2019-02-18;74;7468;"19.07";"19.02"
"Вокзальная пл 3";2019-02-19;27;3880;"19.07";"19.02"
"Вокзальная пл 3";2019-02-20;48;4951;"19.07";"19.02"
"Вокзальная пл 3";2019-02-21;28;2390;"19.07";"19.02"
"Вокзальная пл 3";2019-02-22;45;5834;"19.07";"19.02"
"Вокзальная пл 3";2019-02-23;39;3640;"19.07";"19.02"
"Вокзальная пл 3";2019-02-24;54;7600;"19.07";"19.02"
"Вокзальная пл 3";2019-02-25;30;3300;"19.08";"19.02"
"Вокзальная пл 3";2019-02-26;46;4754;"19.08";"19.02"
"Вокзальная пл 3";2019-02-27;61;6120;"19.08";"19.02"
"Вокзальная пл 3";2019-02-28;54;4941;"19.08";"19.02"
"Вокзальная пл 3";2019-03-01;39;5540;"19.08";"19.03"
"Вокзальная пл 3";2019-03-02;47;4544;"19.08";"19.03"
"Вокзальная пл 3";2019-03-03;67;7260;"19.08";"19.03"
"Вокзальная пл 3";2019-03-04;44;4104;"19.09";"19.03"
"Вокзальная пл 3";2019-03-05;45;7297;"19.09";"19.03"
"Вокзальная пл 3";2019-03-06;61;7390;"19.09";"19.03"
"Вокзальная пл 3";2019-03-07;40;3364;"19.09";"19.03"
"Вокзальная пл 3";2019-03-08;73;6896;"19.09";"19.03"
"Вокзальная пл 3";2019-03-09;37;4480;"19.09";"19.03"
"Вокзальная пл 3";2019-03-10;48;5388;"19.09";"19.03"
"Вокзальная пл 3";2019-03-11;36;4329;"19.10";"19.03"
"Вокзальная пл 3";2019-03-12;37;4210;"19.10";"19.03"
"Вокзальная пл 3";2019-03-13;41;5245;"19.10";"19.03"
"Вокзальная пл 3";2019-03-14;56;8320;"19.10";"19.03"
"Вокзальная пл 3";2019-03-15;59;6924;"19.10";"19.03"
"Вокзальная пл 3";2019-03-16;71;12624;"19.10";"19.03"
"Вокзальная пл 3";2019-03-17;59;7450;"19.10";"19.03"
"Вокзальная пл 3";2019-03-18;32;3850;"19.11";"19.03"
"Вокзальная пл 3";2019-03-19;50;6900;"19.11";"19.03"
"Вокзальная пл 3";2019-03-20;57;5650;"19.11";"19.03"
"Вокзальная пл 3";2019-03-21;42;4550;"19.11";"19.03"
"Вокзальная пл 3";2019-03-22;36;6700;"19.11";"19.03"
"Вокзальная пл 3";2019-03-23;74;10409;"19.11";"19.03"
"Вокзальная пл 3";2019-03-24;39;5290;"19.11";"19.03"
"Вокзальная пл 3";2019-03-25;46;5833;"19.12";"19.03"
"Вокзальная пл 3";2019-03-26;42;4710;"19.12";"19.03"
"Вокзальная пл 3";2019-03-27;64;6174;"19.12";"19.03"
"Вокзальная пл 3";2019-03-28;56;6168;"19.12";"19.03"
"Вокзальная пл 3";2019-03-29;47;5360;"19.12";"19.03"
"Вокзальная пл 3";2019-03-30;69;8403;"19.12";"19.03"
"Вокзальная пл 3";2019-03-31;75;12324;"19.12";"19.03"
"Вокзальная пл 3";2019-04-01;46;4944;"19.13";"19.04"
"Вокзальная пл 3";2019-04-02;63;8394;"19.13";"19.04"
"Вокзальная пл 3";2019-04-03;46;6081;"19.13";"19.04"
"Вокзальная пл 3";2019-04-04;43;5298;"19.13";"19.04"
"Вокзальная пл 3";2019-04-05;63;8460;"19.13";"19.04"
"Вокзальная пл 3";2019-04-06;63;10400;"19.13";"19.04"
"Вокзальная пл 3";2019-04-07;65;6240;"19.13";"19.04"
"Вокзальная пл 3";2019-04-08;126;7430;"19.14";"19.04"
"Вокзальная пл 3";2019-04-09;84;8670;"19.14";"19.04"
"Вокзальная пл 3";2019-04-10;117;7558;"19.14";"19.04"
"Вокзальная пл 3";2019-04-11;62;6970;"19.14";"19.04"
"Вокзальная пл 3";2019-04-12;127;8704;"19.14";"19.04"
"Вокзальная пл 3";2019-04-13;84;8690;"19.14";"19.04"
"Вокзальная пл 3";2019-04-14;109;7444;"19.14";"19.04"
"Вокзальная пл 3";2019-04-15;58;7170;"19.15";"19.04"
"Вокзальная пл 3";2019-04-16;81;7300;"19.15";"19.04"
"Вокзальная пл 3";2019-04-17;88;7161;"19.15";"19.04"
"Вокзальная пл 3";2019-04-18;85;8327;"19.15";"19.04"
"Вокзальная пл 3";2019-04-19;85;10018;"19.15";"19.04"
"Вокзальная пл 3";2019-04-20;59;6120;"19.15";"19.04"
"Вокзальная пл 3";2019-04-21;70;8658;"19.15";"19.04"
"Вокзальная пл 3";2019-04-22;70;5754;"19.16";"19.04"
"Вокзальная пл 3";2019-04-23;39;4391;"19.16";"19.04"
"Вокзальная пл 3";2019-04-24;73;6678;"19.16";"19.04"
"Вокзальная пл 3";2019-04-25;78;6798;"19.16";"19.04"
"Вокзальная пл 3";2019-04-26;132;8834;"19.16";"19.04"
"Вокзальная пл 3";2019-04-27;46;5530;"19.16";"19.04"
"Вокзальная пл 3";2019-04-28;44;6876;"19.16";"19.04"
"Вокзальная пл 3";2019-04-29;64;6521;"19.17";"19.04"
"Вокзальная пл 3";2019-04-30;53;5824;"19.17";"19.04"
"Вокзальная пл 3";2019-05-01;36;5338;"19.17";"19.05"
"Вокзальная пл 3";2019-05-02;27;4114;"19.17";"19.05"
"Вокзальная пл 3";2019-05-03;52;6390;"19.17";"19.05"
"Вокзальная пл 3";2019-05-04;27;3624;"19.17";"19.05"
"Вокзальная пл 3";2019-05-05;43;5980;"19.17";"19.05"
"Вокзальная пл 3";2019-05-06;36;4230;"19.18";"19.05"
"Вокзальная пл 3";2019-05-07;74;6480;"19.18";"19.05"
"Вокзальная пл 3";2019-05-08;49;6121;"19.18";"19.05"
"Вокзальная пл 3";2019-05-09;30;4060;"19.18";"19.05"
"Вокзальная пл 3";2019-05-10;26;3230;"19.18";"19.05"
"Вокзальная пл 3";2019-05-11;29;4587;"19.18";"19.05"
"Вокзальная пл 3";2019-05-12;37;5110;"19.18";"19.05"
"Вокзальная пл 3";2019-05-13;55;6790;"19.19";"19.05"
"Вокзальная пл 3";2019-05-14;42;4820;"19.19";"19.05"
"Вокзальная пл 3";2019-05-15;34;4200;"19.19";"19.05"
"Вокзальная пл 3";2019-05-16;59;7056;"19.19";"19.05"
"Вокзальная пл 3";2019-05-17;69;8501;"19.19";"19.05"
"Вокзальная пл 3";2019-05-18;53;6334;"19.19";"19.05"
"Вокзальная пл 3";2019-05-19;58;7520;"19.19";"19.05"
"Вокзальная пл 3";2019-05-20;31;4274;"19.20";"19.05"
"Вокзальная пл 3";2019-05-21;50;7010;"19.20";"19.05"
"Вокзальная пл 3";2019-05-22;60;7330;"19.20";"19.05"
"Вокзальная пл 3";2019-05-23;51;6294;"19.20";"19.05"
"Вокзальная пл 3";2019-05-24;52;9824;"19.20";"19.05"
"Вокзальная пл 3";2019-05-25;31;3324;"19.20";"19.05"
"Вокзальная пл 3";2019-05-26;36;4720;"19.20";"19.05"
"Вокзальная пл 3";2019-05-27;43;5480;"19.21";"19.05"
"Вокзальная пл 3";2019-05-28;88;4770;"19.21";"19.05"
"Вокзальная пл 3";2019-05-29;50;6274;"19.21";"19.05"
"Вокзальная пл 3";2019-05-30;47;5320;"19.21";"19.05"
"Вокзальная пл 3";2019-05-31;36;4380;"19.21";"19.05"
"Вокзальная пл 3";2019-06-01;27;3424;"19.21";"19.06"
"Вокзальная пл 3";2019-06-02;43;7040;"19.21";"19.06"
"Вокзальная пл 3";2019-06-03;27;3750;"19.22";"19.06"
"Вокзальная пл 3";2019-06-04;77;10720;"19.22";"19.06"
"Вокзальная пл 3";2019-06-05;44;5878;"19.22";"19.06"
"Вокзальная пл 3";2019-06-06;48;6297;"19.22";"19.06"
"Вокзальная пл 3";2019-06-07;52;6344;"19.22";"19.06"
"Вокзальная пл 3";2019-06-08;49;6090;"19.22";"19.06"
"Вокзальная пл 3";2019-06-09;55;6730;"19.22";"19.06"
"Вокзальная пл 3";2019-06-10;63;8160;"19.23";"19.06"
"Вокзальная пл 3";2019-06-11;72;8034;"19.23";"19.06"
"Вокзальная пл 3";2019-06-12;96;5758;"19.23";"19.06"
"Вокзальная пл 3";2019-06-13;68;8694;"19.23";"19.06"
"Вокзальная пл 3";2019-06-14;84;10930;"19.23";"19.06"
"Вокзальная пл 3";2019-06-15;89;5470;"19.23";"19.06"
"Вокзальная пл 3";2019-06-16;66;8234;"19.23";"19.06"
"Вокзальная пл 3";2019-06-17;49;6024;"19.24";"19.06"
"Вокзальная пл 3";2019-06-18;69;7298;"19.24";"19.06"
"Вокзальная пл 3";2019-06-19;49;6964;"19.24";"19.06"
"Вокзальная пл 3";2019-06-20;75;8978;"19.24";"19.06"
"Вокзальная пл 3";2019-06-21;56;7484;"19.24";"19.06"
"Вокзальная пл 3";2019-06-22;39;7480;"19.24";"19.06"
"Вокзальная пл 3";2019-06-23;28;3440;"19.24";"19.06"
"Вокзальная пл 3";2019-06-24;56;6440;"19.25";"19.06"
"Вокзальная пл 3";2019-06-25;57;7394;"19.25";"19.06"
"Вокзальная пл 3";2019-06-26;52;7808;"19.25";"19.06"
"Вокзальная пл 3";2019-06-27;57;6550;"19.25";"19.06"
"Вокзальная пл 3";2019-06-28;62;6860;"19.25";"19.06"
"Вокзальная пл 3";2019-06-29;75;9924;"19.25";"19.06"
"Вокзальная пл 3";2019-06-30;53;7872;"19.25";"19.06"
"Вокзальная пл 3";2019-07-01;69;8712;"19.26";"19.07"
"Вокзальная пл 3";2019-07-02;47;5997;"19.26";"19.07"
"Вокзальная пл 3";2019-07-03;62;8254;"19.26";"19.07"
"Вокзальная пл 3";2019-07-04;55;6841;"19.26";"19.07"
"Вокзальная пл 3";2019-07-05;77;9713;"19.26";"19.07"
"Вокзальная пл 3";2019-07-06;32;4398;"19.26";"19.07"
"Вокзальная пл 3";2019-07-07;39;4540;"19.26";"19.07"
"Вокзальная пл 3";2019-07-08;45;5440;"19.27";"19.07"
"Вокзальная пл 3";2019-07-09;66;9110;"19.27";"19.07"
"Вокзальная пл 3";2019-07-10;174;10479;"19.27";"19.07"
"Вокзальная пл 3";2019-07-11;57;6758;"19.27";"19.07"
"Вокзальная пл 3";2019-07-12;81;6541;"19.27";"19.07"
"Вокзальная пл 3";2019-07-13;55;6964;"19.27";"19.07"
"Вокзальная пл 3";2019-07-14;33;3880;"19.27";"19.07"
"Вокзальная пл 3";2019-07-15;44;6732;"19.28";"19.07"
"Вокзальная пл 3";2019-07-16;64;7864;"19.28";"19.07"
"Вокзальная пл 3";2019-07-17;56;7070;"19.28";"19.07"
"Вокзальная пл 3";2019-07-18;60;8001;"19.28";"19.07"
"Вокзальная пл 3";2019-07-19;53;5531;"19.28";"19.07"
"Вокзальная пл 3";2019-07-20;82;7349;"19.28";"19.07"
"Вокзальная пл 3";2019-07-21;26;3620;"19.28";"19.07"
"Вокзальная пл 3";2019-07-22;52;6374;"19.29";"19.07"
"Вокзальная пл 3";2019-07-23;61;9040;"19.29";"19.07"
"Вокзальная пл 3";2019-07-24;108;9389;"19.29";"19.07"
"Вокзальная пл 3";2019-07-25;46;6330;"19.29";"19.07"
"Вокзальная пл 3";2019-07-26;62;7210;"19.29";"19.07"
"Вокзальная пл 3";2019-07-27;63;8840;"19.29";"19.07"
"Вокзальная пл 3";2019-07-28;47;5834;"19.29";"19.07"
"Вокзальная пл 3";2019-07-29;44;4880;"19.30";"19.07"
"Вокзальная пл 3";2019-07-30;66;5580;"19.30";"19.07"
"Вокзальная пл 3";2019-07-31;100;8750;"19.30";"19.07"
"Вокзальная пл 3";2019-08-01;1;100;"19.30";"19.08"
"Лермонтова 14";2017-08-08;20;2997;"17.32";"17.08"
"Лермонтова 14";2017-08-09;55;7593.5;"17.32";"17.08"
"Лермонтова 14";2017-08-10;3;460;"17.32";"17.08"
"Лермонтова 14";2017-08-11;24;3304;"17.32";"17.08"
"Лермонтова 14";2017-08-12;33;4071;"17.32";"17.08"
"Лермонтова 14";2017-08-13;22;2276;"17.32";"17.08"
"Лермонтова 14";2017-08-14;28;3268;"17.33";"17.08"
"Лермонтова 14";2017-08-15;27;3263;"17.33";"17.08"
"Лермонтова 14";2017-08-16;20;2732;"17.33";"17.08"
"Лермонтова 14";2017-08-17;36;4888;"17.33";"17.08"
"Лермонтова 14";2017-08-18;26;3445.5;"17.33";"17.08"
"Лермонтова 14";2017-08-19;27;4110;"17.33";"17.08"
"Лермонтова 14";2017-08-20;22;3387;"17.33";"17.08"
"Лермонтова 14";2017-08-21;21;2816;"17.34";"17.08"
"Лермонтова 14";2017-08-22;33;3874;"17.34";"17.08"
"Лермонтова 14";2017-08-23;27;3573;"17.34";"17.08"
"Лермонтова 14";2017-08-24;51;7288;"17.34";"17.08"
"Лермонтова 14";2017-08-25;67;6931;"17.34";"17.08"
"Лермонтова 14";2017-08-26;63;9426;"17.34";"17.08"
"Лермонтова 14";2017-08-27;59;9041;"17.34";"17.08"
"Лермонтова 14";2017-08-28;41;6122;"17.35";"17.08"
"Лермонтова 14";2017-08-29;39;5896;"17.35";"17.08"
"Лермонтова 14";2017-08-30;50;6753;"17.35";"17.08"
"Лермонтова 14";2017-08-31;36;5022;"17.35";"17.08"
"Лермонтова 14";2017-09-01;41;5846;"17.35";"17.09"
"Лермонтова 14";2017-09-02;19;3711;"17.35";"17.09"
"Лермонтова 14";2017-09-03;42;6252;"17.35";"17.09"
"Лермонтова 14";2017-09-04;19;2486;"17.36";"17.09"
"Лермонтова 14";2017-09-05;46;7714;"17.36";"17.09"
"Лермонтова 14";2017-09-06;36;5466;"17.36";"17.09"
"Лермонтова 14";2017-09-07;40;5999;"17.36";"17.09"
"Лермонтова 14";2017-09-08;37;5345;"17.36";"17.09"
"Лермонтова 14";2017-09-09;95;14901;"17.36";"17.09"
"Лермонтова 14";2017-09-10;69;10047;"17.36";"17.09"
"Лермонтова 14";2017-09-11;27;3417;"17.37";"17.09"
"Лермонтова 14";2017-09-12;45;5904;"17.37";"17.09"
"Лермонтова 14";2017-09-13;48;5972;"17.37";"17.09"
"Лермонтова 14";2017-09-14;42;6398;"17.37";"17.09"
"Лермонтова 14";2017-09-15;31;4050;"17.37";"17.09"
"Лермонтова 14";2017-09-16;50;7354;"17.37";"17.09"
"Лермонтова 14";2017-09-17;75;10584;"17.37";"17.09"
"Лермонтова 14";2017-09-18;36;5337;"17.38";"17.09"
"Лермонтова 14";2017-09-19;27;3018;"17.38";"17.09"
"Лермонтова 14";2017-09-20;40;5146;"17.38";"17.09"
"Лермонтова 14";2017-09-21;38;4921;"17.38";"17.09"
"Лермонтова 14";2017-09-22;45;6072;"17.38";"17.09"
"Лермонтова 14";2017-09-23;52;7255;"17.38";"17.09"
"Лермонтова 14";2017-09-24;68;10405;"17.38";"17.09"
"Лермонтова 14";2017-09-25;29;4074;"17.39";"17.09"
"Лермонтова 14";2017-09-26;55;6480;"17.39";"17.09"
"Лермонтова 14";2017-09-27;35;4531;"17.39";"17.09"
"Лермонтова 14";2017-09-28;46;5835;"17.39";"17.09"
"Лермонтова 14";2017-09-29;44;6385;"17.39";"17.09"
"Лермонтова 14";2017-09-30;40;5116;"17.39";"17.09"
"Лермонтова 14";2017-10-01;64;7461;"17.39";"17.10"
"Лермонтова 14";2017-10-02;35;4421;"17.40";"17.10"
"Лермонтова 14";2017-10-03;43;6755;"17.40";"17.10"
"Лермонтова 14";2017-10-04;42;5377;"17.40";"17.10"
"Лермонтова 14";2017-10-05;44;6115;"17.40";"17.10"
"Лермонтова 14";2017-10-06;33;4497;"17.40";"17.10"
"Лермонтова 14";2017-10-07;40;5366;"17.40";"17.10"
"Лермонтова 14";2017-10-08;94;13245;"17.40";"17.10"
"Лермонтова 14";2017-10-09;74;8660;"17.41";"17.10"
"Лермонтова 14";2017-10-10;42;5257;"17.41";"17.10"
"Лермонтова 14";2017-10-11;68;9814;"17.41";"17.10"
"Лермонтова 14";2017-10-12;49;6393;"17.41";"17.10"
"Лермонтова 14";2017-10-13;42;5749;"17.41";"17.10"
"Лермонтова 14";2017-10-14;40;5696;"17.41";"17.10"
"Лермонтова 14";2017-10-15;72;9197;"17.41";"17.10"
"Лермонтова 14";2017-10-16;35;4688;"17.42";"17.10"
"Лермонтова 14";2017-10-17;54;7009.65;"17.42";"17.10"
"Лермонтова 14";2017-10-18;32;4184;"17.42";"17.10"
"Лермонтова 14";2017-10-19;58;8062;"17.42";"17.10"
"Лермонтова 14";2017-10-20;43;5593;"17.42";"17.10"
"Лермонтова 14";2017-10-21;76;10066;"17.42";"17.10"
"Лермонтова 14";2017-10-22;53;6981;"17.42";"17.10"
"Лермонтова 14";2017-10-23;40;5025.87;"17.43";"17.10"
"Лермонтова 14";2017-10-24;46;6260;"17.43";"17.10"
"Лермонтова 14";2017-10-25;40;4883;"17.43";"17.10"
"Лермонтова 14";2017-10-26;32;4115;"17.43";"17.10"
"Лермонтова 14";2017-10-27;32;4722;"17.43";"17.10"
"Лермонтова 14";2017-10-28;51;6234;"17.43";"17.10"
"Лермонтова 14";2017-10-29;32;4743;"17.43";"17.10"
"Лермонтова 14";2017-10-30;24;3103;"17.44";"17.10"
"Лермонтова 14";2017-10-31;33;3569;"17.44";"17.10"
"Лермонтова 14";2017-11-01;23;3362;"17.44";"17.11"
"Лермонтова 14";2017-11-02;34;4498;"17.44";"17.11"
"Лермонтова 14";2017-11-03;40;5161;"17.44";"17.11"
"Лермонтова 14";2017-11-04;60;7666;"17.44";"17.11"
"Лермонтова 14";2017-11-05;67;8772;"17.44";"17.11"
"Лермонтова 14";2017-11-06;62;7195.65;"17.45";"17.11"
"Лермонтова 14";2017-11-07;46;6215;"17.45";"17.11"
"Лермонтова 14";2017-11-08;33;4216;"17.45";"17.11"
"Лермонтова 14";2017-11-09;29;3177;"17.45";"17.11"
"Лермонтова 14";2017-11-10;39;4863.65;"17.45";"17.11"
"Лермонтова 14";2017-11-11;39;6015.65;"17.45";"17.11"
"Лермонтова 14";2017-11-12;37;3893;"17.45";"17.11"
"Лермонтова 14";2017-11-13;27;3750;"17.46";"17.11"
"Лермонтова 14";2017-11-14;58;7129;"17.46";"17.11"
"Лермонтова 14";2017-11-15;30;3635;"17.46";"17.11"
"Лермонтова 14";2017-11-16;32;4997;"17.46";"17.11"
"Лермонтова 14";2017-11-17;49;6082;"17.46";"17.11"
"Лермонтова 14";2017-11-18;34;4565;"17.46";"17.11"
"Лермонтова 14";2017-11-19;75;9600;"17.46";"17.11"
"Лермонтова 14";2017-11-20;32;3958;"17.47";"17.11"
"Лермонтова 14";2017-11-21;26;3382;"17.47";"17.11"
"Лермонтова 14";2017-11-22;47;8269;"17.47";"17.11"
"Лермонтова 14";2017-11-23;50;6679.65;"17.47";"17.11"
"Лермонтова 14";2017-11-24;42;6577;"17.47";"17.11"
"Лермонтова 14";2017-11-25;52;7583.65;"17.47";"17.11"
"Лермонтова 14";2017-11-26;35;4433.65;"17.47";"17.11"
"Лермонтова 14";2017-11-27;45;6223;"17.48";"17.11"
"Лермонтова 14";2017-11-28;32;4147;"17.48";"17.11"
"Лермонтова 14";2017-11-29;39;4946;"17.48";"17.11"
"Лермонтова 14";2017-11-30;22;2884;"17.48";"17.11"
"Лермонтова 14";2017-12-01;40;5261;"17.48";"17.12"
"Лермонтова 14";2017-12-02;38;5099;"17.48";"17.12"
"Лермонтова 14";2017-12-03;36;4682;"17.48";"17.12"
"Лермонтова 14";2017-12-04;21;3082;"17.49";"17.12"
"Лермонтова 14";2017-12-05;19;2494;"17.49";"17.12"
"Лермонтова 14";2017-12-06;22;3260;"17.49";"17.12"
"Лермонтова 14";2017-12-07;36;4352;"17.49";"17.12"
"Лермонтова 14";2017-12-08;32;4830;"17.49";"17.12"
"Лермонтова 14";2017-12-09;36;5251;"17.49";"17.12"
"Лермонтова 14";2017-12-10;41;7480;"17.49";"17.12"
"Лермонтова 14";2017-12-11;38;4943;"17.50";"17.12"
"Лермонтова 14";2017-12-12;23;3052;"17.50";"17.12"
"Лермонтова 14";2017-12-13;46;5298.3;"17.50";"17.12"
"Лермонтова 14";2017-12-14;39;5366;"17.50";"17.12"
"Лермонтова 14";2017-12-15;22;2922;"17.50";"17.12"
"Лермонтова 14";2017-12-16;38;5519;"17.50";"17.12"
"Лермонтова 14";2017-12-17;32;5263;"17.50";"17.12"
"Лермонтова 14";2017-12-18;24;4704.65;"17.51";"17.12"
"Лермонтова 14";2017-12-19;35;4257;"17.51";"17.12"
"Лермонтова 14";2017-12-20;33;4572;"17.51";"17.12"
"Лермонтова 14";2017-12-21;34;4501;"17.51";"17.12"
"Лермонтова 14";2017-12-22;29;3689;"17.51";"17.12"
"Лермонтова 14";2017-12-23;50;6928;"17.51";"17.12"
"Лермонтова 14";2017-12-24;37;4553;"17.51";"17.12"
"Лермонтова 14";2017-12-25;36;5911;"17.52";"17.12"
"Лермонтова 14";2017-12-26;39;5076;"17.52";"17.12"
"Лермонтова 14";2017-12-27;48;7568;"17.52";"17.12"
"Лермонтова 14";2017-12-28;40;4801;"17.52";"17.12"
"Лермонтова 14";2017-12-29;36;5041;"17.52";"17.12"
"Лермонтова 14";2017-12-30;40;7145.65;"17.52";"17.12"
"Лермонтова 14";2017-12-31;32;4759;"17.52";"17.12"
"Лермонтова 14";2018-01-01;37;5516;"18.01";"18.01"
"Лермонтова 14";2018-01-02;57;8207;"18.01";"18.01"
"Лермонтова 14";2018-01-03;56;8671;"18.01";"18.01"
"Лермонтова 14";2018-01-04;58;8790;"18.01";"18.01"
"Лермонтова 14";2018-01-05;51;6664;"18.01";"18.01"
"Лермонтова 14";2018-01-06;36;5256;"18.01";"18.01"
"Лермонтова 14";2018-01-07;20;2420;"18.01";"18.01"
"Лермонтова 14";2018-01-08;32;4371;"18.02";"18.01"
"Лермонтова 14";2018-01-09;32;4034;"18.02";"18.01"
"Лермонтова 14";2018-01-10;36;4029;"18.02";"18.01"
"Лермонтова 14";2018-01-11;28;3720;"18.02";"18.01"
"Лермонтова 14";2018-01-12;31;3823;"18.02";"18.01"
"Лермонтова 14";2018-01-13;39;4203;"18.02";"18.01"
"Лермонтова 14";2018-01-14;33;4323;"18.02";"18.01"
"Лермонтова 14";2018-01-15;29;3648;"18.03";"18.01"
"Лермонтова 14";2018-01-16;41;4980;"18.03";"18.01"
"Лермонтова 14";2018-01-17;46;4544.95;"18.03";"18.01"
"Лермонтова 14";2018-01-18;30;3683;"18.03";"18.01"
"Лермонтова 14";2018-01-19;33;5129;"18.03";"18.01"
"Лермонтова 14";2018-01-20;55;6398.3;"18.03";"18.01"
"Лермонтова 14";2018-01-21;29;3943;"18.03";"18.01"
"Лермонтова 14";2018-01-22;35;6471;"18.04";"18.01"
"Лермонтова 14";2018-01-23;23;3234;"18.04";"18.01"
"Лермонтова 14";2018-01-24;30;4324;"18.04";"18.01"
"Лермонтова 14";2018-01-25;34;4488;"18.04";"18.01"
"Лермонтова 14";2018-01-26;33;4903;"18.04";"18.01"
"Лермонтова 14";2018-01-27;49;5326.3;"18.04";"18.01"
"Лермонтова 14";2018-01-28;26;2935.09;"18.04";"18.01"
"Лермонтова 14";2018-01-29;26;3682;"18.05";"18.01"
"Лермонтова 14";2018-01-30;23;3282;"18.05";"18.01"
"Лермонтова 14";2018-01-31;26;3653;"18.05";"18.01"
"Лермонтова 14";2018-02-01;33;4057;"18.05";"18.02"
"Лермонтова 14";2018-02-02;25;3198;"18.05";"18.02"
"Лермонтова 14";2018-02-03;36;4700;"18.05";"18.02"
"Лермонтова 14";2018-02-04;26;3742;"18.05";"18.02"
"Лермонтова 14";2018-02-05;12;2327;"18.06";"18.02"
"Лермонтова 14";2018-02-06;25;3640;"18.06";"18.02"
"Лермонтова 14";2018-02-07;20;3458;"18.06";"18.02"
"Лермонтова 14";2018-02-08;69;7260;"18.06";"18.02"
"Лермонтова 14";2018-02-09;43;6606.65;"18.06";"18.02"
"Лермонтова 14";2018-02-10;36;4643;"18.06";"18.02"
"Лермонтова 14";2018-02-11;32;4416;"18.06";"18.02"
"Лермонтова 14";2018-02-12;24;2767;"18.07";"18.02"
"Лермонтова 14";2018-02-13;30;3492;"18.07";"18.02"
"Лермонтова 14";2018-02-14;25;3062;"18.07";"18.02"
"Лермонтова 14";2018-02-15;33;4842;"18.07";"18.02"
"Лермонтова 14";2018-02-16;39;4594;"18.07";"18.02"
"Лермонтова 14";2018-02-17;22;3310;"18.07";"18.02"
"Лермонтова 14";2018-02-18;37;5037.65;"18.07";"18.02"
"Лермонтова 14";2018-02-19;26;4307;"18.08";"18.02"
"Лермонтова 14";2018-02-20;32;4986;"18.08";"18.02"
"Лермонтова 14";2018-02-21;42;6033;"18.08";"18.02"
"Лермонтова 14";2018-02-22;34;5199;"18.08";"18.02"
"Лермонтова 14";2018-02-23;40;4521;"18.08";"18.02"
"Лермонтова 14";2018-02-24;41;5013;"18.08";"18.02"
"Лермонтова 14";2018-02-25;26;4887;"18.08";"18.02"
"Лермонтова 14";2018-02-26;23;2969;"18.09";"18.02"
"Лермонтова 14";2018-02-27;22;2884;"18.09";"18.02"
"Лермонтова 14";2018-02-28;31;3920;"18.09";"18.02"
"Лермонтова 14";2018-03-01;37;3929;"18.09";"18.03"
"Лермонтова 14";2018-03-02;32;3513;"18.09";"18.03"
"Лермонтова 14";2018-03-03;36;4267;"18.09";"18.03"
"Лермонтова 14";2018-03-04;46;5045;"18.09";"18.03"
"Лермонтова 14";2018-03-05;60;6721;"18.10";"18.03"
"Лермонтова 14";2018-03-06;44;5853;"18.10";"18.03"
"Лермонтова 14";2018-03-07;31;3190;"18.10";"18.03"
"Лермонтова 14";2018-03-08;33;4361;"18.10";"18.03"
"Лермонтова 14";2018-03-09;50;7187;"18.10";"18.03"
"Лермонтова 14";2018-03-10;47;6710;"18.10";"18.03"
"Лермонтова 14";2018-03-11;43;4685;"18.10";"18.03"
"Лермонтова 14";2018-03-12;45;5812;"18.11";"18.03"
"Лермонтова 14";2018-03-13;27;3918;"18.11";"18.03"
"Лермонтова 14";2018-03-14;44;5664;"18.11";"18.03"
"Лермонтова 14";2018-03-15;33;3323;"18.11";"18.03"
"Лермонтова 14";2018-03-16;41;5462;"18.11";"18.03"
"Лермонтова 14";2018-03-17;47;5401;"18.11";"18.03"
"Лермонтова 14";2018-03-18;29;4015;"18.11";"18.03"
"Лермонтова 14";2018-03-19;39;5252;"18.12";"18.03"
"Лермонтова 14";2018-03-20;42;5770;"18.12";"18.03"
"Лермонтова 14";2018-03-21;35;6010;"18.12";"18.03"
"Лермонтова 14";2018-03-22;31;3628;"18.12";"18.03"
"Лермонтова 14";2018-03-23;29;4221;"18.12";"18.03"
"Лермонтова 14";2018-03-24;46;6960;"18.12";"18.03"
"Лермонтова 14";2018-03-25;42;7530;"18.12";"18.03"
"Лермонтова 14";2018-03-26;55;6567;"18.13";"18.03"
"Лермонтова 14";2018-03-27;48;5804;"18.13";"18.03"
"Лермонтова 14";2018-03-28;23;3000;"18.13";"18.03"
"Лермонтова 14";2018-03-29;33;4560;"18.13";"18.03"
"Лермонтова 14";2018-03-30;43;4665;"18.13";"18.03"
"Лермонтова 14";2018-03-31;58;6635;"18.13";"18.03"
"Лермонтова 14";2018-04-01;32;4210;"18.13";"18.04"
"Лермонтова 14";2018-04-02;41;5641;"18.14";"18.04"
"Лермонтова 14";2018-04-03;84;9174;"18.14";"18.04"
"Лермонтова 14";2018-04-04;37;4860;"18.14";"18.04"
"Лермонтова 14";2018-04-05;39;4642;"18.14";"18.04"
"Лермонтова 14";2018-04-06;81;11303;"18.14";"18.04"
"Лермонтова 14";2018-04-07;65;9062;"18.14";"18.04"
"Лермонтова 14";2018-04-08;81;9242;"18.14";"18.04"
"Лермонтова 14";2018-04-09;53;7196;"18.15";"18.04"
"Лермонтова 14";2018-04-10;58;7965;"18.15";"18.04"
"Лермонтова 14";2018-04-11;92;11430;"18.15";"18.04"
"Лермонтова 14";2018-04-12;80;11670;"18.15";"18.04"
"Лермонтова 14";2018-04-13;54;5756;"18.15";"18.04"
"Лермонтова 14";2018-04-14;92;18830;"18.15";"18.04"
"Лермонтова 14";2018-04-15;71;9500;"18.15";"18.04"
"Лермонтова 14";2018-04-16;68;9002;"18.16";"18.04"
"Лермонтова 14";2018-04-17;74;10226;"18.16";"18.04"
"Лермонтова 14";2018-04-18;58;7205;"18.16";"18.04"
"Лермонтова 14";2018-04-19;66;8166;"18.16";"18.04"
"Лермонтова 14";2018-04-20;61;8330;"18.16";"18.04"
"Лермонтова 14";2018-04-21;59;8453;"18.16";"18.04"
"Лермонтова 14";2018-04-22;60;8249;"18.16";"18.04"
"Лермонтова 14";2018-04-23;38;6580;"18.17";"18.04"
"Лермонтова 14";2018-04-24;67;8134;"18.17";"18.04"
"Лермонтова 14";2018-04-25;55;7371;"18.17";"18.04"
"Лермонтова 14";2018-04-26;57;9587;"18.17";"18.04"
"Лермонтова 14";2018-04-27;61;9302;"18.17";"18.04"
"Лермонтова 14";2018-04-28;82;9334;"18.17";"18.04"
"Лермонтова 14";2018-04-29;74;9814;"18.17";"18.04"
"Лермонтова 14";2018-04-30;76;11967;"18.18";"18.04"
"Лермонтова 14";2018-05-01;38;5266;"18.18";"18.05"
"Лермонтова 14";2018-05-02;81;11981;"18.18";"18.05"
"Лермонтова 14";2018-05-03;76;10049;"18.18";"18.05"
"Лермонтова 14";2018-05-04;54;8410;"18.18";"18.05"
"Лермонтова 14";2018-05-05;56;7265;"18.18";"18.05"
"Лермонтова 14";2018-05-06;48;5616;"18.18";"18.05"
"Лермонтова 14";2018-05-07;42;4925;"18.19";"18.05"
"Лермонтова 14";2018-05-08;39;6180;"18.19";"18.05"
"Лермонтова 14";2018-05-09;65;9464;"18.19";"18.05"
"Лермонтова 14";2018-05-10;61;8940;"18.19";"18.05"
"Лермонтова 14";2018-05-11;46;5695;"18.19";"18.05"
"Лермонтова 14";2018-05-12;41;4881;"18.19";"18.05"
"Лермонтова 14";2018-05-13;61;8577;"18.19";"18.05"
"Лермонтова 14";2018-05-14;44;5533;"18.20";"18.05"
"Лермонтова 14";2018-05-15;30;3765;"18.20";"18.05"
"Лермонтова 14";2018-05-16;64;9055;"18.20";"18.05"
"Лермонтова 14";2018-05-17;38;4500;"18.20";"18.05"
"Лермонтова 14";2018-05-18;48;5447;"18.20";"18.05"
"Лермонтова 14";2018-05-19;55;8014;"18.20";"18.05"
"Лермонтова 14";2018-05-20;63;9311;"18.20";"18.05"
"Лермонтова 14";2018-05-21;41;4930;"18.21";"18.05"
"Лермонтова 14";2018-05-22;32;4471;"18.21";"18.05"
"Лермонтова 14";2018-05-23;48;6523;"18.21";"18.05"
"Лермонтова 14";2018-05-24;57;6039;"18.21";"18.05"
"Лермонтова 14";2018-05-25;44;6150;"18.21";"18.05"
"Лермонтова 14";2018-05-26;65;9200;"18.21";"18.05"
"Лермонтова 14";2018-05-27;53;7226;"18.21";"18.05"
"Лермонтова 14";2018-05-28;46;5690;"18.22";"18.05"
"Лермонтова 14";2018-05-29;43;4830;"18.22";"18.05"
"Лермонтова 14";2018-05-30;49;6905;"18.22";"18.05"
"Лермонтова 14";2018-05-31;50;5350;"18.22";"18.05"
"Лермонтова 14";2018-06-01;33;4250;"18.22";"18.06"
"Лермонтова 14";2018-06-02;50;8884;"18.22";"18.06"
"Лермонтова 14";2018-06-03;63;8425;"18.22";"18.06"
"Лермонтова 14";2018-06-04;52;7163;"18.23";"18.06"
"Лермонтова 14";2018-06-05;42;4662;"18.23";"18.06"
"Лермонтова 14";2018-06-06;58;6867;"18.23";"18.06"
"Лермонтова 14";2018-06-07;53;7434;"18.23";"18.06"
"Лермонтова 14";2018-06-08;21;3050;"18.23";"18.06"
"Лермонтова 14";2018-06-09;47;6030;"18.23";"18.06"
"Лермонтова 14";2018-06-10;25;3270;"18.23";"18.06"
"Лермонтова 14";2018-06-11;42;5540;"18.24";"18.06"
"Лермонтова 14";2018-06-12;66;8990;"18.24";"18.06"
"Лермонтова 14";2018-06-13;58;7850;"18.24";"18.06"
"Лермонтова 14";2018-06-14;28;3760;"18.24";"18.06"
"Лермонтова 14";2018-06-15;61;10537;"18.24";"18.06"
"Лермонтова 14";2018-06-16;72;9706;"18.24";"18.06"
"Лермонтова 14";2018-06-17;31;4067;"18.24";"18.06"
"Лермонтова 14";2018-06-18;49;5490;"18.25";"18.06"
"Лермонтова 14";2018-06-19;41;5063;"18.25";"18.06"
"Лермонтова 14";2018-06-20;25;3101;"18.25";"18.06"
"Лермонтова 14";2018-06-21;43;5102;"18.25";"18.06"
"Лермонтова 14";2018-06-22;38;3995;"18.25";"18.06"
"Лермонтова 14";2018-06-23;35;4048;"18.25";"18.06"
"Лермонтова 14";2018-06-24;28;4430;"18.25";"18.06"
"Лермонтова 14";2018-06-25;34;4522;"18.26";"18.06"
"Лермонтова 14";2018-06-26;44;6009;"18.26";"18.06"
"Лермонтова 14";2018-06-27;30;3617;"18.26";"18.06"
"Лермонтова 14";2018-06-28;36;4194;"18.26";"18.06"
"Лермонтова 14";2018-06-29;39;4725;"18.26";"18.06"
"Лермонтова 14";2018-06-30;44;5406;"18.26";"18.06"
"Лермонтова 14";2018-07-01;28;3857;"18.26";"18.07"
"Лермонтова 14";2018-07-02;18;1774;"18.27";"18.07"
"Лермонтова 14";2018-07-03;42;5228;"18.27";"18.07"
"Лермонтова 14";2018-07-04;43;4345;"18.27";"18.07"
"Лермонтова 14";2018-07-05;43;5016;"18.27";"18.07"
"Лермонтова 14";2018-07-06;36;4305;"18.27";"18.07"
"Лермонтова 14";2018-07-07;35;4244;"18.27";"18.07"
"Лермонтова 14";2018-07-08;51;5928;"18.27";"18.07"
"Лермонтова 14";2018-07-09;39;5497;"18.28";"18.07"
"Лермонтова 14";2018-07-10;38;4810;"18.28";"18.07"
"Лермонтова 14";2018-07-11;48;5970;"18.28";"18.07"
"Лермонтова 14";2018-07-12;46;5294;"18.28";"18.07"
"Лермонтова 14";2018-07-13;21;2321;"18.28";"18.07"
"Лермонтова 14";2018-07-14;27;2803;"18.28";"18.07"
"Лермонтова 14";2018-07-15;29;4171;"18.28";"18.07"
"Лермонтова 14";2018-07-16;36;4884;"18.29";"18.07"
"Лермонтова 14";2018-07-17;43;5775;"18.29";"18.07"
"Лермонтова 14";2018-07-18;40;5500;"18.29";"18.07"
"Лермонтова 14";2018-07-19;39;5072;"18.29";"18.07"
"Лермонтова 14";2018-07-20;49;6303;"18.29";"18.07"
"Лермонтова 14";2018-07-21;21;2728;"18.29";"18.07"
"Лермонтова 14";2018-07-22;38;4740;"18.29";"18.07"
"Лермонтова 14";2018-07-23;39;4535;"18.30";"18.07"
"Лермонтова 14";2018-07-24;51;7037;"18.30";"18.07"
"Лермонтова 14";2018-07-25;44;8493;"18.30";"18.07"
"Лермонтова 14";2018-07-26;33;3938;"18.30";"18.07"
"Лермонтова 14";2018-07-27;40;5276;"18.30";"18.07"
"Лермонтова 14";2018-07-28;25;3539;"18.30";"18.07"
"Лермонтова 14";2018-07-29;43;5608;"18.30";"18.07"
"Лермонтова 14";2018-07-30;41;5990;"18.31";"18.07"
"Лермонтова 14";2018-07-31;48;7164;"18.31";"18.07"
"Лермонтова 14";2018-08-01;25;3264;"18.31";"18.08"
"Лермонтова 14";2018-08-02;36;4202;"18.31";"18.08"
"Лермонтова 14";2018-08-03;50;5892;"18.31";"18.08"
"Лермонтова 14";2018-08-04;34;3731;"18.31";"18.08"
"Лермонтова 14";2018-08-05;16;2372;"18.31";"18.08"
"Лермонтова 14";2018-08-06;47;5955;"18.32";"18.08"
"Лермонтова 14";2018-08-07;44;6948;"18.32";"18.08"
"Лермонтова 14";2018-08-08;46;5187;"18.32";"18.08"
"Лермонтова 14";2018-08-09;56;6981;"18.32";"18.08"
"Лермонтова 14";2018-08-10;45;5680;"18.32";"18.08"
"Лермонтова 14";2018-08-11;25;3940;"18.32";"18.08"
"Лермонтова 14";2018-08-12;24;2651;"18.32";"18.08"
"Лермонтова 14";2018-08-13;46;5870;"18.33";"18.08"
"Лермонтова 14";2018-08-14;54;7577;"18.33";"18.08"
"Лермонтова 14";2018-08-15;49;5910;"18.33";"18.08"
"Лермонтова 14";2018-08-16;76;6554;"18.33";"18.08"
"Лермонтова 14";2018-08-17;60;8707;"18.33";"18.08"
"Лермонтова 14";2018-08-18;55;6887;"18.33";"18.08"
"Лермонтова 14";2018-08-19;53;7379;"18.33";"18.08"
"Лермонтова 14";2018-08-20;33;4080;"18.34";"18.08"
"Лермонтова 14";2018-08-21;56;7507;"18.34";"18.08"
"Лермонтова 14";2018-08-22;5;640;"18.34";"18.08"
"Лермонтова 14";2018-09-10;20;2820;"18.37";"18.09"
"Лермонтова 14";2018-09-11;83;10206;"18.37";"18.09"
"Лермонтова 14";2018-09-12;75;9070;"18.37";"18.09"
"Лермонтова 14";2018-09-13;44;5798;"18.37";"18.09"
"Лермонтова 14";2018-09-14;89;10892;"18.37";"18.09"
"Лермонтова 14";2018-09-15;47;6337;"18.37";"18.09"
"Лермонтова 14";2018-09-16;65;8300;"18.37";"18.09"
"Лермонтова 14";2018-09-17;37;4400;"18.38";"18.09"
"Лермонтова 14";2018-09-18;54;6634;"18.38";"18.09"
"Лермонтова 14";2018-09-19;53;6568;"18.38";"18.09"
"Лермонтова 14";2018-09-20;68;7502;"18.38";"18.09"
"Лермонтова 14";2018-09-21;65;7600;"18.38";"18.09"
"Лермонтова 14";2018-09-22;59;9193;"18.38";"18.09"
"Лермонтова 14";2018-09-23;72;9462;"18.38";"18.09"
"Лермонтова 14";2018-09-24;56;7265;"18.39";"18.09"
"Лермонтова 14";2018-09-25;57;6653;"18.39";"18.09"
"Лермонтова 14";2018-09-26;66;7932;"18.39";"18.09"
"Лермонтова 14";2018-09-27;54;5427;"18.39";"18.09"
"Лермонтова 14";2018-09-28;58;7352;"18.39";"18.09"
"Лермонтова 14";2018-09-29;76;10040;"18.39";"18.09"
"Лермонтова 14";2018-09-30;73;9610;"18.39";"18.09"
"Лермонтова 14";2018-10-01;67;9342;"18.40";"18.10"
"Лермонтова 14";2018-10-02;89;11772;"18.40";"18.10"
"Лермонтова 14";2018-10-03;63;8141;"18.40";"18.10"
"Лермонтова 14";2018-10-04;70;9002;"18.40";"18.10"
"Лермонтова 14";2018-10-05;65;7270;"18.40";"18.10"
"Лермонтова 14";2018-10-06;62;7561;"18.40";"18.10"
"Лермонтова 14";2018-10-07;79;10508;"18.40";"18.10"
"Лермонтова 14";2018-10-08;72;9260;"18.41";"18.10"
"Лермонтова 14";2018-10-09;72;9210;"18.41";"18.10"
"Лермонтова 14";2018-10-10;70;8640;"18.41";"18.10"
"Лермонтова 14";2018-10-11;66;7705;"18.41";"18.10"
"Лермонтова 14";2018-10-12;51;6099;"18.41";"18.10"
"Лермонтова 14";2018-10-13;88;10574;"18.41";"18.10"
"Лермонтова 14";2018-10-14;77;10360;"18.41";"18.10"
"Лермонтова 14";2018-10-15;69;7471;"18.42";"18.10"
"Лермонтова 14";2018-10-16;88;10581;"18.42";"18.10"
"Лермонтова 14";2018-10-17;90;10381;"18.42";"18.10"
"Лермонтова 14";2018-10-18;71;8802;"18.42";"18.10"
"Лермонтова 14";2018-10-19;86;11380;"18.42";"18.10"
"Лермонтова 14";2018-10-20;80;11071;"18.42";"18.10"
"Лермонтова 14";2018-10-21;80;11020;"18.42";"18.10"
"Лермонтова 14";2018-10-22;61;6906;"18.43";"18.10"
"Лермонтова 14";2018-10-23;72;7953;"18.43";"18.10"
"Лермонтова 14";2018-10-24;87;11300;"18.43";"18.10"
"Лермонтова 14";2018-10-25;48;5970;"18.43";"18.10"
"Лермонтова 14";2018-10-26;52;5830;"18.43";"18.10"
"Лермонтова 14";2018-10-27;84;11182;"18.43";"18.10"
"Лермонтова 14";2018-10-28;70;7201;"18.43";"18.10"
"Лермонтова 14";2018-10-29;46;5803;"18.44";"18.10"
"Лермонтова 14";2018-10-30;65;7153;"18.44";"18.10"
"Лермонтова 14";2018-10-31;93;9293;"18.44";"18.10"
"Лермонтова 14";2018-11-01;119;11802;"18.44";"18.11"
"Лермонтова 14";2018-11-02;66;7600;"18.44";"18.11"
"Лермонтова 14";2018-11-03;87;11462;"18.44";"18.11"
"Лермонтова 14";2018-11-04;82;8321;"18.44";"18.11"
"Лермонтова 14";2018-11-05;101;11885;"18.45";"18.11"
"Лермонтова 14";2018-11-06;86;8505;"18.45";"18.11"
"Лермонтова 14";2018-11-07;78;7250;"18.45";"18.11"
"Лермонтова 14";2018-11-08;70;7640;"18.45";"18.11"
"Лермонтова 14";2018-11-09;65;7761;"18.45";"18.11"
"Лермонтова 14";2018-11-10;76;8927;"18.45";"18.11"
"Лермонтова 14";2018-11-11;36;5774;"18.45";"18.11"
"Лермонтова 14";2018-11-12;75;6914;"18.46";"18.11"
"Лермонтова 14";2018-11-13;55;5985;"18.46";"18.11"
"Лермонтова 14";2018-11-14;77;8623;"18.46";"18.11"
"Лермонтова 14";2018-11-15;95;9188;"18.46";"18.11"
"Лермонтова 14";2018-11-16;47;4260;"18.46";"18.11"
"Лермонтова 14";2018-11-17;89;10941;"18.46";"18.11"
"Лермонтова 14";2018-11-18;100;10199;"18.46";"18.11"
"Лермонтова 14";2018-11-19;73;8181;"18.47";"18.11"
"Лермонтова 14";2018-11-20;86;9634;"18.47";"18.11"
"Лермонтова 14";2018-11-21;67;7781;"18.47";"18.11"
"Лермонтова 14";2018-11-22;92;9312;"18.47";"18.11"
"Лермонтова 14";2018-11-23;72;7291;"18.47";"18.11"
"Лермонтова 14";2018-11-24;61;6305;"18.47";"18.11"
"Лермонтова 14";2018-11-25;88;9272;"18.47";"18.11"
"Лермонтова 14";2018-11-26;38;3295;"18.48";"18.11"
"Лермонтова 14";2018-11-27;91;8480;"18.48";"18.11"
"Лермонтова 14";2018-11-28;85;9800;"18.48";"18.11"
"Лермонтова 14";2018-11-29;82;8730;"18.48";"18.11"
"Лермонтова 14";2018-11-30;75;6960;"18.48";"18.11"
"Лермонтова 14";2018-12-01;61;7265;"18.48";"18.12"
"Лермонтова 14";2018-12-02;80;8561;"18.48";"18.12"
"Лермонтова 14";2018-12-03;57;6250;"18.49";"18.12"
"Лермонтова 14";2018-12-04;62;6481;"18.49";"18.12"
"Лермонтова 14";2018-12-05;58;6201;"18.49";"18.12"
"Лермонтова 14";2018-12-06;115;10770;"18.49";"18.12"
"Лермонтова 14";2018-12-07;58;6182;"18.49";"18.12"
"Лермонтова 14";2018-12-08;60;8421;"18.49";"18.12"
"Лермонтова 14";2018-12-09;51;5221;"18.49";"18.12"
"Лермонтова 14";2018-12-10;61;7000;"18.50";"18.12"
"Лермонтова 14";2018-12-11;83;8675;"18.50";"18.12"
"Лермонтова 14";2018-12-12;76;7736;"18.50";"18.12"
"Лермонтова 14";2018-12-13;93;10258;"18.50";"18.12"
"Лермонтова 14";2018-12-14;58;5747;"18.50";"18.12"
"Лермонтова 14";2018-12-15;57;6771;"18.50";"18.12"
"Лермонтова 14";2018-12-16;55;7711;"18.50";"18.12"
"Лермонтова 14";2018-12-17;41;4790;"18.51";"18.12"
"Лермонтова 14";2018-12-18;52;6700;"18.51";"18.12"
"Лермонтова 14";2018-12-19;78;8000;"18.51";"18.12"
"Лермонтова 14";2018-12-20;72;6298;"18.51";"18.12"
"Лермонтова 14";2018-12-21;40;4941;"18.51";"18.12"
"Лермонтова 14";2018-12-22;50;6875;"18.51";"18.12"
"Лермонтова 14";2018-12-23;58;8438;"18.51";"18.12"
"Лермонтова 14";2018-12-24;67;7885;"18.52";"18.12"
"Лермонтова 14";2018-12-25;36;5060;"18.52";"18.12"
"Лермонтова 14";2018-12-26;52;5871;"18.52";"18.12"
"Лермонтова 14";2018-12-27;86;8601;"18.52";"18.12"
"Лермонтова 14";2018-12-28;87;10730;"18.52";"18.12"
"Лермонтова 14";2018-12-29;61;7020;"18.52";"18.12"
"Лермонтова 14";2018-12-30;36;4410;"18.52";"18.12"
"Лермонтова 14";2018-12-31;51;5930;"18.53";"18.12"
"Лермонтова 14";2019-01-01;43;4530;"19.00";"19.01"
"Лермонтова 14";2019-01-02;75;9670;"19.00";"19.01"
"Лермонтова 14";2019-01-03;86;12751;"19.00";"19.01"
"Лермонтова 14";2019-01-04;64;8112;"19.00";"19.01"
"Лермонтова 14";2019-01-05;85;11320;"19.00";"19.01"
"Лермонтова 14";2019-01-06;66;8121;"19.00";"19.01"
"Лермонтова 14";2019-01-07;79;8759;"19.01";"19.01"
"Лермонтова 14";2019-01-08;66;7520;"19.01";"19.01"
"Лермонтова 14";2019-01-09;45;5734;"19.01";"19.01"
"Лермонтова 14";2019-01-10;57;5010;"19.01";"19.01"
"Лермонтова 14";2019-01-11;39;4912;"19.01";"19.01"
"Лермонтова 14";2019-01-12;47;6881;"19.01";"19.01"
"Лермонтова 14";2019-01-13;29;3650;"19.01";"19.01"
"Лермонтова 14";2019-01-14;62;7929;"19.02";"19.01"
"Лермонтова 14";2019-01-15;81;9125;"19.02";"19.01"
"Лермонтова 14";2019-01-16;68;6450;"19.02";"19.01"
"Лермонтова 14";2019-01-17;99;6951;"19.02";"19.01"
"Лермонтова 14";2019-01-18;57;6520;"19.02";"19.01"
"Лермонтова 14";2019-01-19;53;6753;"19.02";"19.01"
"Лермонтова 14";2019-01-20;50;5475;"19.02";"19.01"
"Лермонтова 14";2019-01-21;44;2934;"19.03";"19.01"
"Лермонтова 14";2019-01-22;72;6354;"19.03";"19.01"
"Лермонтова 14";2019-01-23;65;7444;"19.03";"19.01"
"Лермонтова 14";2019-01-24;76;7200;"19.03";"19.01"
"Лермонтова 14";2019-01-25;113;9185;"19.03";"19.01"
"Лермонтова 14";2019-01-26;61;9736;"19.03";"19.01"
"Лермонтова 14";2019-01-27;59;5780;"19.03";"19.01"
"Лермонтова 14";2019-01-28;47;4816;"19.04";"19.01"
"Лермонтова 14";2019-01-29;72;7294;"19.04";"19.01"
"Лермонтова 14";2019-01-30;72;8260;"19.04";"19.01"
"Лермонтова 14";2019-01-31;68;6106;"19.04";"19.01"
"Лермонтова 14";2019-02-01;83;7994;"19.04";"19.02"
"Лермонтова 14";2019-02-02;66;9081;"19.04";"19.02"
"Лермонтова 14";2019-02-03;93;6572;"19.04";"19.02"
"Лермонтова 14";2019-02-04;46;5095;"19.05";"19.02"
"Лермонтова 14";2019-02-05;82;6411;"19.05";"19.02"
"Лермонтова 14";2019-02-06;95;10021;"19.05";"19.02"
"Лермонтова 14";2019-02-07;61;6481;"19.05";"19.02"
"Лермонтова 14";2019-02-08;63;6624;"19.05";"19.02"
"Лермонтова 14";2019-02-09;75;6821;"19.05";"19.02"
"Лермонтова 14";2019-02-10;87;10601;"19.05";"19.02"
"Лермонтова 14";2019-02-11;70;7545;"19.06";"19.02"
"Лермонтова 14";2019-02-12;77;8807;"19.06";"19.02"
"Лермонтова 14";2019-02-13;67;6520;"19.06";"19.02"
"Лермонтова 14";2019-02-14;97;9190;"19.06";"19.02"
"Лермонтова 14";2019-02-15;55;6120;"19.06";"19.02"
"Лермонтова 14";2019-02-16;106;11763;"19.06";"19.02"
"Лермонтова 14";2019-02-17;85;9832;"19.06";"19.02"
"Лермонтова 14";2019-02-18;69;7902;"19.07";"19.02"
"Лермонтова 14";2019-02-19;69;7860;"19.07";"19.02"
"Лермонтова 14";2019-02-20;79;9382;"19.07";"19.02"
"Лермонтова 14";2019-02-21;88;7840;"19.07";"19.02"
"Лермонтова 14";2019-02-22;52;6110;"19.07";"19.02"
"Лермонтова 14";2019-02-23;85;9650;"19.07";"19.02"
"Лермонтова 14";2019-02-24;57;7390;"19.07";"19.02"
"Лермонтова 14";2019-02-25;73;8470;"19.08";"19.02"
"Лермонтова 14";2019-02-26;61;6402;"19.08";"19.02"
"Лермонтова 14";2019-02-27;74;7911;"19.08";"19.02"
"Лермонтова 14";2019-02-28;68;7820;"19.08";"19.02"
"Лермонтова 14";2019-03-01;57;7050;"19.08";"19.03"
"Лермонтова 14";2019-03-02;129;9471;"19.08";"19.03"
"Лермонтова 14";2019-03-03;36;4990;"19.08";"19.03"
"Лермонтова 14";2019-03-04;55;6491;"19.09";"19.03"
"Лермонтова 14";2019-03-05;70;8716;"19.09";"19.03"
"Лермонтова 14";2019-03-06;69;9314;"19.09";"19.03"
"Лермонтова 14";2019-03-07;82;12320;"19.09";"19.03"
"Лермонтова 14";2019-03-08;100;9080;"19.09";"19.03"
"Лермонтова 14";2019-03-09;85;8056;"19.09";"19.03"
"Лермонтова 14";2019-03-10;81;9492;"19.09";"19.03"
"Лермонтова 14";2019-03-11;57;7580;"19.10";"19.03"
"Лермонтова 14";2019-03-12;81;7553;"19.10";"19.03"
"Лермонтова 14";2019-03-13;77;9034;"19.10";"19.03"
"Лермонтова 14";2019-03-14;56;7790;"19.10";"19.03"
"Лермонтова 14";2019-03-15;96;11130;"19.10";"19.03"
"Лермонтова 14";2019-03-16;161;12992;"19.10";"19.03"
"Лермонтова 14";2019-03-17;73;8630;"19.10";"19.03"
"Лермонтова 14";2019-03-18;74;7570;"19.11";"19.03"
"Лермонтова 14";2019-03-19;101;12080;"19.11";"19.03"
"Лермонтова 14";2019-03-20;92;11570;"19.11";"19.03"
"Лермонтова 14";2019-03-21;68;7800;"19.11";"19.03"
"Лермонтова 14";2019-03-22;108;10824;"19.11";"19.03"
"Лермонтова 14";2019-03-23;66;7510;"19.11";"19.03"
"Лермонтова 14";2019-03-24;50;6726;"19.11";"19.03"
"Лермонтова 14";2019-03-25;96;10513;"19.12";"19.03"
"Лермонтова 14";2019-03-26;101;10884;"19.12";"19.03"
"Лермонтова 14";2019-03-27;82;9055;"19.12";"19.03"
"Лермонтова 14";2019-03-28;89;9420;"19.12";"19.03"
"Лермонтова 14";2019-03-29;86;11264;"19.12";"19.03"
"Лермонтова 14";2019-03-30;122;15622;"19.12";"19.03"
"Лермонтова 14";2019-03-31;131;17982;"19.12";"19.03"
"Лермонтова 14";2019-04-01;82;10684;"19.13";"19.04"
"Лермонтова 14";2019-04-02;103;10614;"19.13";"19.04"
"Лермонтова 14";2019-04-03;35;3230;"19.13";"19.04"
"Лермонтова 14";2019-04-04;74;7850;"19.13";"19.04"
"Лермонтова 14";2019-04-05;78;7150;"19.13";"19.04"
"Лермонтова 14";2019-04-06;130;15932;"19.13";"19.04"
"Лермонтова 14";2019-04-07;127;17053;"19.13";"19.04"
"Лермонтова 14";2019-04-08;108;10458;"19.14";"19.04"
"Лермонтова 14";2019-04-09;90;10200;"19.14";"19.04"
"Лермонтова 14";2019-04-10;111;11010;"19.14";"19.04"
"Лермонтова 14";2019-04-11;113;13603;"19.14";"19.04"
"Лермонтова 14";2019-04-12;161;15080;"19.14";"19.04"
"Лермонтова 14";2019-04-13;125;14351;"19.14";"19.04"
"Лермонтова 14";2019-04-14;209;19461;"19.14";"19.04"
"Лермонтова 14";2019-04-15;72;8680;"19.15";"19.04"
"Лермонтова 14";2019-04-16;163;12930;"19.15";"19.04"
"Лермонтова 14";2019-04-17;87;9870;"19.15";"19.04"
"Лермонтова 14";2019-04-18;107;10251;"19.15";"19.04"
"Лермонтова 14";2019-04-19;239;14310;"19.15";"19.04"
"Лермонтова 14";2019-04-20;128;15755;"19.15";"19.04"
"Лермонтова 14";2019-04-21;122;14752;"19.15";"19.04"
"Лермонтова 14";2019-04-22;129;13844;"19.16";"19.04"
"Лермонтова 14";2019-04-23;103;11980;"19.16";"19.04"
"Лермонтова 14";2019-04-24;203;7494;"19.16";"19.04"
"Лермонтова 14";2019-04-25;113;12495;"19.16";"19.04"
"Лермонтова 14";2019-04-26;144;13990;"19.16";"19.04"
"Лермонтова 14";2019-04-27;151;11670;"19.16";"19.04"
"Лермонтова 14";2019-04-28;71;10710;"19.16";"19.04"
"Лермонтова 14";2019-04-29;118;7070;"19.17";"19.04"
"Лермонтова 14";2019-04-30;71;8624;"19.17";"19.04"
"Лермонтова 14";2019-05-01;91;12670;"19.17";"19.05"
"Лермонтова 14";2019-05-02;113;12540;"19.17";"19.05"
"Лермонтова 14";2019-05-03;88;12090;"19.17";"19.05"
"Лермонтова 14";2019-05-04;116;9962;"19.17";"19.05"
"Лермонтова 14";2019-05-05;101;11870;"19.17";"19.05"
"Лермонтова 14";2019-05-06;171;13490;"19.18";"19.05"
"Лермонтова 14";2019-05-07;108;12150;"19.18";"19.05"
"Лермонтова 14";2019-05-08;119;9703;"19.18";"19.05"
"Лермонтова 14";2019-05-09;69;8062;"19.18";"19.05"
"Лермонтова 14";2019-05-10;72;8702;"19.18";"19.05"
"Лермонтова 14";2019-05-11;73;8784;"19.18";"19.05"
"Лермонтова 14";2019-05-12;80;11122;"19.18";"19.05"
"Лермонтова 14";2019-05-13;79;10860;"19.19";"19.05"
"Лермонтова 14";2019-05-14;114;11948;"19.19";"19.05"
"Лермонтова 14";2019-05-15;76;8290;"19.19";"19.05"
"Лермонтова 14";2019-05-16;59;7192;"19.19";"19.05"
"Лермонтова 14";2019-05-17;82;8430;"19.19";"19.05"
"Лермонтова 14";2019-05-18;96;11924;"19.19";"19.05"
"Лермонтова 14";2019-05-19;79;10651;"19.19";"19.05"
"Лермонтова 14";2019-05-20;143;13670;"19.20";"19.05"
"Лермонтова 14";2019-05-21;126;13230;"19.20";"19.05"
"Лермонтова 14";2019-05-22;101;9310;"19.20";"19.05"
"Лермонтова 14";2019-05-23;98;11242;"19.20";"19.05"
"Лермонтова 14";2019-05-24;122;11090;"19.20";"19.05"
"Лермонтова 14";2019-05-25;120;15570;"19.20";"19.05"
"Лермонтова 14";2019-05-26;78;8722;"19.20";"19.05"
"Лермонтова 14";2019-05-27;111;10211;"19.21";"19.05"
"Лермонтова 14";2019-05-28;109;12210;"19.21";"19.05"
"Лермонтова 14";2019-05-29;86;9422;"19.21";"19.05"
"Лермонтова 14";2019-05-30;71;8421;"19.21";"19.05"
"Лермонтова 14";2019-05-31;71;8090;"19.21";"19.05"
"Лермонтова 14";2019-06-01;53;6690;"19.21";"19.06"
"Лермонтова 14";2019-06-02;76;9440;"19.21";"19.06"
"Лермонтова 14";2019-06-03;93;7362;"19.22";"19.06"
"Лермонтова 14";2019-06-04;101;12311;"19.22";"19.06"
"Лермонтова 14";2019-06-05;84;9620;"19.22";"19.06"
"Лермонтова 14";2019-06-06;77;8492;"19.22";"19.06"
"Лермонтова 14";2019-06-07;158;11644;"19.22";"19.06"
"Лермонтова 14";2019-06-08;121;8586;"19.22";"19.06"
"Лермонтова 14";2019-06-09;84;10540;"19.22";"19.06"
"Лермонтова 14";2019-06-10;85;9734;"19.23";"19.06"
"Лермонтова 14";2019-06-11;119;8790;"19.23";"19.06"
"Лермонтова 14";2019-06-12;74;8660;"19.23";"19.06"
"Лермонтова 14";2019-06-13;91;10130;"19.23";"19.06"
"Лермонтова 14";2019-06-14;84;9030;"19.23";"19.06"
"Лермонтова 14";2019-06-15;91;11360;"19.23";"19.06"
"Лермонтова 14";2019-06-16;71;9472;"19.23";"19.06"
"Лермонтова 14";2019-06-17;101;8720;"19.24";"19.06"
"Лермонтова 14";2019-06-18;121;8441;"19.24";"19.06"
"Лермонтова 14";2019-06-19;135;12560;"19.24";"19.06"
"Лермонтова 14";2019-06-20;86;10920;"19.24";"19.06"
"Лермонтова 14";2019-06-21;88;8804;"19.24";"19.06"
"Лермонтова 14";2019-06-22;48;5921;"19.24";"19.06"
"Лермонтова 14";2019-06-23;52;5942;"19.24";"19.06"
"Лермонтова 14";2019-06-24;63;8072;"19.25";"19.06"
"Лермонтова 14";2019-06-25;79;8800;"19.25";"19.06"
"Лермонтова 14";2019-06-26;106;10234;"19.25";"19.06"
"Лермонтова 14";2019-06-27;204;14415;"19.25";"19.06"
"Лермонтова 14";2019-06-28;116;14651;"19.25";"19.06"
"Лермонтова 14";2019-06-29;93;11972;"19.25";"19.06"
"Лермонтова 14";2019-06-30;176;13840;"19.25";"19.06"
"Лермонтова 14";2019-07-01;138;14620;"19.26";"19.07"
"Лермонтова 14";2019-07-02;124;11947;"19.26";"19.07"
"Лермонтова 14";2019-07-03;101;11901;"19.26";"19.07"
"Лермонтова 14";2019-07-04;97;11352;"19.26";"19.07"
"Лермонтова 14";2019-07-05;111;12572;"19.26";"19.07"
"Лермонтова 14";2019-07-06;89;11340;"19.26";"19.07"
"Лермонтова 14";2019-07-07;95;8782;"19.26";"19.07"
"Лермонтова 14";2019-07-08;82;9820;"19.27";"19.07"
"Лермонтова 14";2019-07-09;155;15202;"19.27";"19.07"
"Лермонтова 14";2019-07-10;106;10862;"19.27";"19.07"
"Лермонтова 14";2019-07-11;74;8852;"19.27";"19.07"
"Лермонтова 14";2019-07-12;116;7040;"19.27";"19.07"
"Лермонтова 14";2019-07-13;96;13422;"19.27";"19.07"
"Лермонтова 14";2019-07-14;117;14969;"19.27";"19.07"
"Лермонтова 14";2019-07-15;98;12405;"19.28";"19.07"
"Лермонтова 14";2019-07-16;101;11090;"19.28";"19.07"
"Лермонтова 14";2019-07-17;155;11104;"19.28";"19.07"
"Лермонтова 14";2019-07-18;134;16630;"19.28";"19.07"
"Лермонтова 14";2019-07-19;121;13312;"19.28";"19.07"
"Лермонтова 14";2019-07-20;91;11120;"19.28";"19.07"
"Лермонтова 14";2019-07-21;71;8428;"19.28";"19.07"
"Лермонтова 14";2019-07-22;102;8572;"19.29";"19.07"
"Лермонтова 14";2019-07-23;193;12070;"19.29";"19.07"
"Лермонтова 14";2019-07-24;180;16880;"19.29";"19.07"
"Лермонтова 14";2019-07-25;128;14130;"19.29";"19.07"
"Лермонтова 14";2019-07-26;86;8702;"19.29";"19.07"
"Лермонтова 14";2019-07-27;85;8970;"19.29";"19.07"
"Лермонтова 14";2019-07-28;99;11080;"19.29";"19.07"
"Лермонтова 14";2019-07-29;119;12160;"19.30";"19.07"
"Лермонтова 14";2019-07-30;195;13160;"19.30";"19.07"
"Лермонтова 14";2019-07-31;97;10480;"19.30";"19.07"
"Лермонтова 14";2019-08-01;10;1180;"19.30";"19.08"
"Мира 25";2019-04-30;20;2200;"19.17";"19.04"
"Мира 25";2019-05-01;33;3640;"19.17";"19.05"
"Мира 25";2019-05-02;40;4460;"19.17";"19.05"
"Мира 25";2019-05-03;24;2654;"19.17";"19.05"
"Мира 25";2019-05-04;34;3740;"19.17";"19.05"
"Мира 25";2019-05-05;21;1530;"19.17";"19.05"
"Мира 25";2019-05-06;51;5320;"19.18";"19.05"
"Мира 25";2019-05-07;44;4780;"19.18";"19.05"
"Мира 25";2019-05-08;39;4161;"19.18";"19.05"
"Мира 25";2019-05-09;17;2000;"19.18";"19.05"
"Мира 25";2019-05-10;34;3760;"19.18";"19.05"
"Мира 25";2019-05-11;56;4450;"19.18";"19.05"
"Мира 25";2019-05-12;20;2870;"19.18";"19.05"
"Мира 25";2019-05-13;40;5140;"19.19";"19.05"
"Мира 25";2019-05-14;19;2154;"19.19";"19.05"
"Мира 25";2019-05-15;30;3420;"19.19";"19.05"
"Мира 25";2019-05-16;31;3410;"19.19";"19.05"
"Мира 25";2019-05-17;39;3620;"19.19";"19.05"
"Мира 25";2019-05-18;30;3751;"19.19";"19.05"
"Мира 25";2019-05-19;28;3460;"19.19";"19.05"
"Мира 25";2019-05-20;32;3680;"19.20";"19.05"
"Мира 25";2019-05-21;32;3710;"19.20";"19.05"
"Мира 25";2019-05-22;30;5120;"19.20";"19.05"
"Мира 25";2019-05-23;52;6900;"19.20";"19.05"
"Мира 25";2019-05-24;60;8310;"19.20";"19.05"
"Мира 25";2019-05-25;40;4050;"19.20";"19.05"
"Мира 25";2019-05-26;43;4990;"19.20";"19.05"
"Мира 25";2019-05-27;36;4478;"19.21";"19.05"
"Мира 25";2019-05-28;28;3290;"19.21";"19.05"
"Мира 25";2019-05-29;57;6150;"19.21";"19.05"
"Мира 25";2019-05-30;42;4751;"19.21";"19.05"
"Мира 25";2019-05-31;28;3310;"19.21";"19.05"
"Мира 25";2019-06-01;25;3150;"19.21";"19.06"
"Мира 25";2019-06-02;19;2860;"19.21";"19.06"
"Мира 25";2019-06-03;381;3700;"19.22";"19.06"
"Мира 25";2019-06-04;37;3630;"19.22";"19.06"
"Мира 25";2019-06-05;27;2960;"19.22";"19.06"
"Мира 25";2019-06-06;30;3710;"19.22";"19.06"
"Мира 25";2019-06-07;37;4364;"19.22";"19.06"
"Мира 25";2019-06-08;24;2600;"19.22";"19.06"
"Мира 25";2019-06-09;11;1200;"19.22";"19.06"
"Мира 25";2019-06-10;28;3150;"19.23";"19.06"
"Мира 25";2019-06-11;29;2750;"19.23";"19.06"
"Мира 25";2019-06-12;14;1640;"19.23";"19.06"
"Мира 25";2019-06-13;13;1910;"19.23";"19.06"
"Мира 25";2019-06-14;84;5440;"19.23";"19.06"
"Мира 25";2019-06-15;25;2670;"19.23";"19.06"
"Мира 25";2019-06-16;30;3240;"19.23";"19.06"
"Мира 25";2019-06-17;51;3250;"19.24";"19.06"
"Мира 25";2019-06-18;47;4914;"19.24";"19.06"
"Мира 25";2019-06-19;29;3420;"19.24";"19.06"
"Мира 25";2019-06-20;46;4960;"19.24";"19.06"
"Мира 25";2019-06-21;33;3580;"19.24";"19.06"
"Мира 25";2019-06-22;22;2480;"19.24";"19.06"
"Мира 25";2019-06-23;21;2660;"19.24";"19.06"
"Мира 25";2019-06-24;53;3530;"19.25";"19.06"
"Мира 25";2019-06-25;29;3812;"19.25";"19.06"
"Мира 25";2019-06-26;33;3480;"19.25";"19.06"
"Мира 25";2019-06-27;37;4090;"19.25";"19.06"
"Мира 25";2019-06-28;27;2180;"19.25";"19.06"
"Мира 25";2019-06-29;52;2810;"19.25";"19.06"
"Мира 25";2019-06-30;33;3988;"19.25";"19.06"
"Мира 25";2019-07-01;41;4964;"19.26";"19.07"
"Мира 25";2019-07-02;31;3070;"19.26";"19.07"
"Мира 25";2019-07-03;31;3760;"19.26";"19.07"
"Мира 25";2019-07-04;64;4660;"19.26";"19.07"
"Мира 25";2019-07-05;36;4190;"19.26";"19.07"
"Мира 25";2019-07-06;32;3610;"19.26";"19.07"
"Мира 25";2019-07-07;18;2180;"19.26";"19.07"
"Мира 25";2019-07-08;18;2584;"19.27";"19.07"
"Мира 25";2019-07-09;39;4500;"19.27";"19.07"
"Мира 25";2019-07-10;41;3830;"19.27";"19.07"
"Мира 25";2019-07-11;68;4500;"19.27";"19.07"
"Мира 25";2019-07-12;78;6310;"19.27";"19.07"
"Мира 25";2019-07-13;16;1950;"19.27";"19.07"
"Мира 25";2019-07-14;7;1700;"19.27";"19.07"
"Мира 25";2019-07-15;43;1660;"19.28";"19.07"
"Мира 25";2019-07-16;43;4440;"19.28";"19.07"
"Мира 25";2019-07-17;45;4840;"19.28";"19.07"
"Мира 25";2019-07-18;35;3740;"19.28";"19.07"
"Мира 25";2019-07-19;29;2720;"19.28";"19.07"
"Мира 25";2019-07-20;16;1570;"19.28";"19.07"
"Мира 25";2019-07-21;42;4250;"19.28";"19.07"
"Мира 25";2019-07-22;53;5400;"19.29";"19.07"
"Мира 25";2019-07-23;62;5620;"19.29";"19.07"
"Мира 25";2019-07-24;40;4360;"19.29";"19.07"
"Мира 25";2019-07-25;62;3890;"19.29";"19.07"
"Мира 25";2019-07-26;30;2670;"19.29";"19.07"
"Мира 25";2019-07-27;40;5000;"19.29";"19.07"
"Мира 25";2019-07-28;26;3173;"19.29";"19.07"
"Мира 25";2019-07-29;28;2680;"19.30";"19.07"
"Мира 25";2019-07-30;30;3224;"19.30";"19.07"
"Мира 25";2019-07-31;39;3510;"19.30";"19.07"
"Мира 25";2019-08-01;1;0;"19.30";"19.08"
